{"credit":"Made by Wulfy","textures":{"0":"fatalmc:item/summer_v2/carrot_top_pickaxe","particle":"fatalmc:item/summer_v2/carrot_top_pickaxe"},"elements":[{"from":[7.5,1,7.5],"to":[8.5,4,8.5],"rotation":{"angle":-22.5,"axis":"z","origin":[7.5,0,7.5]},"faces":{"north":{"uv":[0,12,1,15],"texture":"#0"},"east":{"uv":[12,0,13,3],"texture":"#0"},"south":{"uv":[1,12,2,15],"texture":"#0"},"west":{"uv":[10,12,11,15],"texture":"#0"},"up":{"uv":[10,14,9,13],"texture":"#0"},"down":{"uv":[15,0,14,1],"texture":"#0"}}},{"from":[7,0,7],"to":[9,3,9],"rotation":{"angle":-22.5,"axis":"z","origin":[7.5,0,7.5]},"faces":{"north":{"uv":[0,6,2,9],"texture":"#0"},"east":{"uv":[6,0,8,3],"texture":"#0"},"south":{"uv":[2,6,4,9],"texture":"#0"},"west":{"uv":[6,3,8,6],"texture":"#0"},"up":{"uv":[4,11,2,9],"texture":"#0"},"down":{"uv":[6,9,4,11],"texture":"#0"}}},{"from":[7,-2.8,8],"to":[9,0.2,8],"rotation":{"angle":0,"axis":"y","origin":[7.5,-2.8,7.5]},"faces":{"north":{"uv":[4,6,6,9],"texture":"#0"},"east":{"uv":[0,0,0,3],"texture":"#0"},"south":{"uv":[6,6,8,9],"texture":"#0"},"west":{"uv":[0,0,0,3],"texture":"#0"},"up":{"uv":[2,0,0,0],"texture":"#0"},"down":{"uv":[2,0,0,0],"texture":"#0"}}},{"from":[8.95461,3.31283,7.5],"to":[9.95461,7.31283,8.5],"rotation":{"angle":0,"axis":"y","origin":[8.95461,3.31283,7.5]},"faces":{"north":{"uv":[6,9,7,13],"texture":"#0"},"east":{"uv":[7,9,8,13],"texture":"#0"},"south":{"uv":[8,9,9,13],"texture":"#0"},"west":{"uv":[9,9,10,13],"texture":"#0"},"up":{"uv":[15,2,14,1],"texture":"#0"},"down":{"uv":[15,2,14,3],"texture":"#0"}}},{"from":[9.03073,6.93015,7.5],"to":[10.03073,10.93015,8.5],"rotation":{"angle":22.5,"axis":"z","origin":[9.03073,6.93015,7.5]},"faces":{"north":{"uv":[10,0,11,4],"texture":"#0"},"east":{"uv":[10,4,11,8],"texture":"#0"},"south":{"uv":[10,8,11,12],"texture":"#0"},"west":{"uv":[11,0,12,4],"texture":"#0"},"up":{"uv":[4,15,3,14],"texture":"#0"},"down":{"uv":[5,14,4,15],"texture":"#0"}}},{"from":[10.03073,6.93015,8],"to":[13.03073,9.93015,8],"rotation":{"angle":22.5,"axis":"z","origin":[9.03073,6.93015,8]},"faces":{"north":{"uv":[0,0,3,3],"texture":"#0"},"east":{"uv":[0,0,0,3],"texture":"#0"},"south":{"uv":[0,3,3,6],"texture":"#0"},"west":{"uv":[0,0,0,3],"texture":"#0"},"up":{"uv":[3,0,0,0],"texture":"#0"},"down":{"uv":[3,0,0,0],"texture":"#0"}}},{"from":[1.03073,11.53015,8],"to":[4.03073,14.53015,8],"rotation":{"angle":22.5,"axis":"z","origin":[5.03073,14.53015,8]},"faces":{"north":{"uv":[0,0,3,3],"rotation":180,"texture":"#0"},"east":{"uv":[0,0,0,3],"rotation":180,"texture":"#0"},"south":{"uv":[0,3,3,6],"rotation":180,"texture":"#0"},"west":{"uv":[0,0,0,3],"rotation":180,"texture":"#0"},"up":{"uv":[3,0,0,0],"rotation":180,"texture":"#0"},"down":{"uv":[3,0,0,0],"rotation":180,"texture":"#0"}}},{"from":[7.5,10.62567,7.5],"to":[8.5,13.62567,8.5],"rotation":{"angle":0,"axis":"y","origin":[16.5,18.62567,15.5]},"faces":{"north":{"uv":[11,12,12,15],"texture":"#0"},"east":{"uv":[12,12,13,15],"texture":"#0"},"south":{"uv":[13,0,14,3],"texture":"#0"},"west":{"uv":[2,13,3,16],"texture":"#0"},"up":{"uv":[15,5,14,4],"texture":"#0"},"down":{"uv":[6,14,5,15],"texture":"#0"}}},{"from":[4.5,12.57433,7.5],"to":[7.5,13.57433,8.5],"rotation":{"angle":0,"axis":"y","origin":[7.5,13.57433,7.5]},"faces":{"north":{"uv":[12,12,11,15],"rotation":270,"texture":"#0"},"east":{"uv":[14,5,15,4],"rotation":90,"texture":"#0"},"south":{"uv":[14,0,13,3],"rotation":90,"texture":"#0"},"west":{"uv":[5,14,6,15],"rotation":90,"texture":"#0"},"up":{"uv":[13,12,12,15],"rotation":90,"texture":"#0"},"down":{"uv":[3,13,2,16],"rotation":90,"texture":"#0"}}},{"from":[10,12,7],"to":[12,14,9],"rotation":{"angle":0,"axis":"y","origin":[9,12,7]},"faces":{"north":{"uv":[2,11,4,13],"texture":"#0"},"east":{"uv":[4,11,6,13],"texture":"#0"},"south":{"uv":[11,4,13,6],"texture":"#0"},"west":{"uv":[11,6,13,8],"texture":"#0"},"up":{"uv":[13,10,11,8],"texture":"#0"},"down":{"uv":[13,10,11,12],"texture":"#0"}}},{"from":[8,11.5,6.5],"to":[10,14.5,9.5],"rotation":{"angle":0,"axis":"y","origin":[7,11.5,7.5]},"faces":{"north":{"uv":[8,0,10,3],"texture":"#0"},"east":{"uv":[3,0,6,3],"texture":"#0"},"south":{"uv":[8,3,10,6],"texture":"#0"},"west":{"uv":[3,3,6,6],"texture":"#0"},"up":{"uv":[10,9,8,6],"texture":"#0"},"down":{"uv":[2,9,0,12],"texture":"#0"}}},{"from":[7,13.5,6.5],"to":[8,14.5,9.5],"rotation":{"angle":0,"axis":"y","origin":[5,11.5,7.5]},"faces":{"north":{"uv":[14,5,15,6],"texture":"#0"},"east":{"uv":[12,3,15,4],"texture":"#0"},"south":{"uv":[14,6,15,7],"texture":"#0"},"west":{"uv":[3,13,6,14],"texture":"#0"},"up":{"uv":[14,7,13,4],"texture":"#0"},"down":{"uv":[7,13,6,16],"texture":"#0"}}},{"from":[6,12.5,8.5],"to":[8,13.5,9.5],"rotation":{"angle":0,"axis":"y","origin":[5,10.5,7.5]},"faces":{"north":{"uv":[7,13,9,14],"texture":"#0"},"east":{"uv":[7,14,8,15],"texture":"#0"},"south":{"uv":[13,7,15,8],"texture":"#0"},"west":{"uv":[8,14,9,15],"texture":"#0"},"up":{"uv":[15,9,13,8],"texture":"#0"},"down":{"uv":[15,9,13,10],"texture":"#0"}}},{"from":[11.5,12.5,7.5],"to":[13.5,13.5,8.5],"rotation":{"angle":0,"axis":"y","origin":[11.5,12.5,6.5]},"faces":{"north":{"uv":[13,10,15,11],"texture":"#0"},"east":{"uv":[9,14,10,15],"texture":"#0"},"south":{"uv":[13,11,15,12],"texture":"#0"},"west":{"uv":[13,14,14,15],"texture":"#0"},"up":{"uv":[15,13,13,12],"texture":"#0"},"down":{"uv":[15,13,13,14],"texture":"#0"}}}],"gui_light":"front","display":{"thirdperson_righthand":{"rotation":[0,112,0],"translation":[0,2.25,3.25]},"thirdperson_lefthand":{"rotation":[175,-85.89,-173.45],"translation":[0,6,1.25]},"firstperson_righthand":{"rotation":[-180,87.75,-180],"translation":[1.75,4.5,0],"scale":[1.34766,1.34766,1.34766]},"firstperson_lefthand":{"rotation":[-180,-82,-180],"translation":[3,4.5,0],"scale":[1.34766,1.34766,1.34766]},"ground":{"translation":[0,7.5,0]},"gui":{"rotation":[174.58,4.79,-131.3],"translation":[0.5,-0.5,0],"scale":[0.80859,0.80859,0.80859]}}}
