{"credit":"Made by Wulfy","texture_size":[32,32],"textures":{"0":"fatalmc:item/summer_v2/racquet_axe","particle":"fatalmc:item/summer_v2/racquet_axe"},"elements":[{"from":[8,0,7.29289],"to":[9,12,8.29289],"rotation":{"angle":-45,"axis":"y","origin":[8,0,7.29289]},"faces":{"north":{"uv":[6,0,6.5,6],"texture":"#0"},"east":{"uv":[6,6,6.5,12],"texture":"#0"},"south":{"uv":[6.5,0,7,6],"texture":"#0"},"west":{"uv":[6.5,6,7,12],"texture":"#0"},"up":{"uv":[6,10,5.5,9.5],"texture":"#0"},"down":{"uv":[10,6.5,9.5,7],"texture":"#0"}}},{"from":[4,12,7.5],"to":[12,13,8.5],"rotation":{"angle":0,"axis":"y","origin":[7,12,6.5]},"faces":{"north":{"uv":[7,0,11,0.5],"texture":"#0"},"east":{"uv":[9.5,7,10,7.5],"texture":"#0"},"south":{"uv":[7,0.5,11,1],"texture":"#0"},"west":{"uv":[9.5,7.5,10,8],"texture":"#0"},"up":{"uv":[11,1.5,7,1],"texture":"#0"},"down":{"uv":[11,1.5,7,2],"texture":"#0"}}},{"from":[7,16,6.5],"to":[8,17,7.5],"rotation":{"angle":0,"axis":"y","origin":[7,16,7.5]},"faces":{"north":{"uv":[9.5,8,10,8.5],"texture":"#0"},"east":{"uv":[9.5,8.5,10,9],"texture":"#0"},"south":{"uv":[9,9.5,9.5,10],"texture":"#0"},"west":{"uv":[9.5,9,10,9.5],"texture":"#0"},"up":{"uv":[10,10,9.5,9.5],"texture":"#0"},"down":{"uv":[0.5,10,0,10.5],"texture":"#0"}}},{"from":[8,16,4.5],"to":[8,17,6.5],"rotation":{"angle":-22.5,"axis":"y","origin":[8,16,6.5]},"faces":{"north":{"uv":[0,0,0,0.5],"texture":"#0"},"east":{"uv":[5,9,6,9.5],"texture":"#0"},"south":{"uv":[0,0,0,0.5],"texture":"#0"},"west":{"uv":[9,5,10,5.5],"texture":"#0"},"up":{"uv":[0,1,0,0],"texture":"#0"},"down":{"uv":[0,0,0,1],"texture":"#0"}}},{"from":[7,16,4.5],"to":[7,17,6.5],"rotation":{"angle":22.5,"axis":"y","origin":[7,16,6.5]},"faces":{"north":{"uv":[0,0,0,0.5],"texture":"#0"},"east":{"uv":[9,5.5,10,6],"texture":"#0"},"south":{"uv":[0,0,0,0.5],"texture":"#0"},"west":{"uv":[9,6,10,6.5],"texture":"#0"},"up":{"uv":[0,1,0,0],"texture":"#0"},"down":{"uv":[0,0,0,1],"texture":"#0"}}},{"from":[7,16,4.5],"to":[8,16,6.5],"rotation":{"angle":-22.5,"axis":"x","origin":[7,16,6.5]},"faces":{"north":{"uv":[0,0,0.5,0],"texture":"#0"},"east":{"uv":[0,0,1,0],"texture":"#0"},"south":{"uv":[0,0,0.5,0],"texture":"#0"},"west":{"uv":[0,0,1,0],"texture":"#0"},"up":{"uv":[9.5,7.5,9,6.5],"texture":"#0"},"down":{"uv":[9.5,7.5,9,8.5],"texture":"#0"}}},{"from":[7,17,4.5],"to":[8,17,6.5],"rotation":{"angle":22.5,"axis":"x","origin":[7,17,6.5]},"faces":{"north":{"uv":[0,0,0.5,0],"texture":"#0"},"east":{"uv":[0,0,1,0],"texture":"#0"},"south":{"uv":[0,0,0.5,0],"texture":"#0"},"west":{"uv":[0,0,1,0],"texture":"#0"},"up":{"uv":[9.5,9.5,9,8.5],"texture":"#0"},"down":{"uv":[5.5,9.5,5,10.5],"texture":"#0"}}},{"from":[11,13,7.5],"to":[12,20,8.5],"rotation":{"angle":0,"axis":"y","origin":[8,13,6.5]},"faces":{"north":{"uv":[7,4,7.5,7.5],"texture":"#0"},"east":{"uv":[7.5,4,8,7.5],"texture":"#0"},"south":{"uv":[7,7.5,7.5,11],"texture":"#0"},"west":{"uv":[7.5,7.5,8,11],"texture":"#0"},"up":{"uv":[1,10.5,0.5,10],"texture":"#0"},"down":{"uv":[1.5,10,1,10.5],"texture":"#0"}}},{"from":[12,9,8],"to":[18,20,8],"rotation":{"angle":0,"axis":"y","origin":[9,15,6]},"faces":{"north":{"uv":[0,0,3,5.5],"texture":"#0"},"east":{"uv":[0,0,0,5.5],"texture":"#0"},"south":{"uv":[3,0,6,5.5],"texture":"#0"},"west":{"uv":[0,0,0,5.5],"texture":"#0"},"up":{"uv":[3,0,0,0],"texture":"#0"},"down":{"uv":[3,0,0,0],"texture":"#0"}}},{"from":[5,13,8],"to":[11,20,8],"rotation":{"angle":0,"axis":"y","origin":[2,15,6]},"faces":{"north":{"uv":[0,5.5,3,9],"texture":"#0"},"east":{"uv":[0,0,0,3.5],"texture":"#0"},"south":{"uv":[3,5.5,6,9],"texture":"#0"},"west":{"uv":[0,0,0,3.5],"texture":"#0"},"up":{"uv":[3,0,0,0],"texture":"#0"},"down":{"uv":[3,0,0,0],"texture":"#0"}}},{"from":[4,13,7.5],"to":[5,20,8.5],"rotation":{"angle":0,"axis":"y","origin":[1,13,6.5]},"faces":{"north":{"uv":[8,4,8.5,7.5],"texture":"#0"},"east":{"uv":[8,7.5,8.5,11],"texture":"#0"},"south":{"uv":[8.5,4,9,7.5],"texture":"#0"},"west":{"uv":[8.5,7.5,9,11],"texture":"#0"},"up":{"uv":[2,10.5,1.5,10],"texture":"#0"},"down":{"uv":[2.5,10,2,10.5],"texture":"#0"}}},{"from":[4,20,7.5],"to":[12,21,8.5],"rotation":{"angle":0,"axis":"y","origin":[2,16,6.5]},"faces":{"north":{"uv":[7,2,11,2.5],"texture":"#0"},"east":{"uv":[2.5,10,3,10.5],"texture":"#0"},"south":{"uv":[7,2.5,11,3],"texture":"#0"},"west":{"uv":[3,10,3.5,10.5],"texture":"#0"},"up":{"uv":[11,3.5,7,3],"texture":"#0"},"down":{"uv":[11,3.5,7,4],"texture":"#0"}}},{"from":[7,-1,7],"to":[9,1,9],"rotation":{"angle":0,"axis":"y","origin":[7,-1,7]},"faces":{"north":{"uv":[0,9,1,10],"texture":"#0"},"east":{"uv":[1,9,2,10],"texture":"#0"},"south":{"uv":[2,9,3,10],"texture":"#0"},"west":{"uv":[3,9,4,10],"texture":"#0"},"up":{"uv":[5,10,4,9],"texture":"#0"},"down":{"uv":[10,4,9,5],"texture":"#0"}}}],"gui_light":"front","display":{"thirdperson_righthand":{"rotation":[0,124,0],"translation":[0,0,1.25]},"thirdperson_lefthand":{"rotation":[0,-56,0],"translation":[0,0,1.5]},"firstperson_righthand":{"rotation":[-21,116,0],"translation":[0.75,0.75,0.25]},"firstperson_lefthand":{"rotation":[-16,108,0]},"ground":{"translation":[0,5.5,0],"scale":[0.73633,0.73633,0.73633]},"gui":{"rotation":[152.22,-3,-148.83],"translation":[-0.25,-1.25,0],"scale":[0.5918,0.5918,0.5918]},"fixed":{"translation":[0,-4.25,-0.75],"scale":[1.34961,1.34961,1.34961]}}}
