{"credit":"Made by Wulfy","texture_size":[32,32],"textures":{"0":"fatalmc:item/summer_v2/roller_blade_hoe","particle":"fatalmc:item/summer_v2/roller_blade_hoe"},"elements":[{"from":[8,2,7.29289],"to":[9,10,8.29289],"rotation":{"angle":-45,"axis":"y","origin":[8,0,7.29289]},"faces":{"north":{"uv":[0,3,0.5,7],"texture":"#0"},"east":{"uv":[0.5,3,1,7],"texture":"#0"},"south":{"uv":[1,3,1.5,7],"texture":"#0"},"west":{"uv":[1.5,3,2,7],"texture":"#0"},"up":{"uv":[8.5,4,8,3.5],"texture":"#0"},"down":{"uv":[4.5,8,4,8.5],"texture":"#0"}}},{"from":[7,10,7],"to":[9,12,9],"rotation":{"angle":0,"axis":"y","origin":[7,10,7]},"faces":{"north":{"uv":[2,3,3,4],"texture":"#0"},"east":{"uv":[3,3,4,4],"texture":"#0"},"south":{"uv":[2,4,3,5],"texture":"#0"},"west":{"uv":[3,4,4,5],"texture":"#0"},"up":{"uv":[5,4,4,3],"texture":"#0"},"down":{"uv":[5,4,4,5],"texture":"#0"}}},{"from":[6.74462,10,7.25],"to":[7.74462,12,8.75],"rotation":{"angle":-22.5,"axis":"z","origin":[7.74462,12,6.75]},"faces":{"north":{"uv":[5,7,5.5,8],"texture":"#0"},"east":{"uv":[2,6,2.75,7],"texture":"#0"},"south":{"uv":[7,5,7.5,6],"texture":"#0"},"west":{"uv":[3,6,3.75,7],"texture":"#0"},"up":{"uv":[8,2.25,7.5,1.5],"texture":"#0"},"down":{"uv":[8,5,7.5,5.75],"texture":"#0"}}},{"from":[8.74462,12.5,7.35],"to":[9.74462,14.5,8.65],"rotation":{"angle":-22.5,"axis":"z","origin":[9.74462,14.5,6.75]},"faces":{"north":{"uv":[5.5,7,6,8],"texture":"#0"},"east":{"uv":[6,3,6.75,4],"texture":"#0"},"south":{"uv":[6,7,6.5,8],"texture":"#0"},"west":{"uv":[4,6,4.75,7],"texture":"#0"},"up":{"uv":[8,6.75,7.5,6],"texture":"#0"},"down":{"uv":[7.5,7.5,7,8.25],"texture":"#0"}}},{"from":[4,12,7],"to":[9,14,9],"rotation":{"angle":0,"axis":"y","origin":[7,12,7]},"faces":{"north":{"uv":[0,0,2.5,1],"texture":"#0"},"east":{"uv":[5,0,6,1],"texture":"#0"},"south":{"uv":[0,1,2.5,2],"texture":"#0"},"west":{"uv":[2,5,3,6],"texture":"#0"},"up":{"uv":[2.5,3,0,2],"texture":"#0"},"down":{"uv":[5,0,2.5,1],"texture":"#0"}}},{"from":[7.8,14,7.5],"to":[9.3,15.5,8.5],"rotation":{"angle":0,"axis":"y","origin":[7.3,14,7.5]},"faces":{"north":{"uv":[6.5,2,7.25,2.75],"texture":"#0"},"east":{"uv":[7.5,7.5,8,8.25],"texture":"#0"},"south":{"uv":[0,7,0.75,7.75],"texture":"#0"},"west":{"uv":[0,8,0.5,8.75],"texture":"#0"},"up":{"uv":[8.25,3,7.5,2.5],"texture":"#0"},"down":{"uv":[8.75,0,8,0.5],"texture":"#0"}}},{"from":[3.5,14,7.25],"to":[9.5,14.5,8.75],"rotation":{"angle":0,"axis":"y","origin":[7.5,14,7.75]},"faces":{"north":{"uv":[6,4,9,4.25],"texture":"#0"},"east":{"uv":[4.5,8,5.25,8.25],"texture":"#0"},"south":{"uv":[6,4.5,9,4.75],"texture":"#0"},"west":{"uv":[8,5,8.75,5.25],"texture":"#0"},"up":{"uv":[5.5,1.75,2.5,1],"texture":"#0"},"down":{"uv":[5.5,2,2.5,2.75],"texture":"#0"}}},{"from":[5.8,14,7.5],"to":[7.3,15.5,8.5],"rotation":{"angle":0,"axis":"y","origin":[5.3,14,7.5]},"faces":{"north":{"uv":[7,0,7.75,0.75],"texture":"#0"},"east":{"uv":[0.5,8,1,8.75],"texture":"#0"},"south":{"uv":[1,7,1.75,7.75],"texture":"#0"},"west":{"uv":[1,8,1.5,8.75],"texture":"#0"},"up":{"uv":[8.75,1,8,0.5],"texture":"#0"},"down":{"uv":[2.25,8,1.5,8.5],"texture":"#0"}}},{"from":[3.8,14,7.5],"to":[5.3,15.5,8.5],"rotation":{"angle":0,"axis":"y","origin":[3.3,14,7.5]},"faces":{"north":{"uv":[2,7,2.75,7.75],"texture":"#0"},"east":{"uv":[8,1.5,8.5,2.25],"texture":"#0"},"south":{"uv":[3,7,3.75,7.75],"texture":"#0"},"west":{"uv":[2.5,8,3,8.75],"texture":"#0"},"up":{"uv":[3.75,8.5,3,8],"texture":"#0"},"down":{"uv":[8.75,3,8,3.5],"texture":"#0"}}},{"from":[3.1,12.5,7.1],"to":[4.6,14,8.9],"rotation":{"angle":-45,"axis":"z","origin":[3.6,13,7]},"faces":{"north":{"uv":[7,3,7.75,3.75],"texture":"#0"},"east":{"uv":[5,6,6,6.75],"texture":"#0"},"south":{"uv":[4,7,4.75,7.75],"texture":"#0"},"west":{"uv":[6,5,7,5.75],"texture":"#0"},"up":{"uv":[6.75,7,6,6],"texture":"#0"},"down":{"uv":[7.25,1,6.5,2],"texture":"#0"}}},{"from":[7,0,7],"to":[9,2,9],"rotation":{"angle":0,"axis":"y","origin":[7,0,7]},"faces":{"north":{"uv":[3,5,4,6],"texture":"#0"},"east":{"uv":[5,3,6,4],"texture":"#0"},"south":{"uv":[4,5,5,6],"texture":"#0"},"west":{"uv":[5,4,6,5],"texture":"#0"},"up":{"uv":[6,6,5,5],"texture":"#0"},"down":{"uv":[6.5,1,5.5,2],"texture":"#0"}}},{"from":[7,-1,7.5],"to":[9,1,8.5],"rotation":{"angle":45,"axis":"z","origin":[8,0,7.5]},"faces":{"north":{"uv":[5.5,2,6.5,3],"texture":"#0"},"east":{"uv":[7,6,7.5,7],"texture":"#0"},"south":{"uv":[6,0,7,1],"texture":"#0"},"west":{"uv":[6.5,7,7,8],"texture":"#0"},"up":{"uv":[8,7.5,7,7],"texture":"#0"},"down":{"uv":[8.5,1,7.5,1.5],"texture":"#0"}}}],"gui_light":"front","display":{"thirdperson_righthand":{"rotation":[100.53,-88,101.74],"translation":[0,2.25,1.5],"scale":[1.14258,1.14258,1.14258]},"thirdperson_lefthand":{"rotation":[123.15,88.37,-116.19],"translation":[0,2.25,2.25],"scale":[1.14258,1.14258,1.14258]},"firstperson_righthand":{"rotation":[-16,-77,0],"translation":[2.75,6.25,0.25]},"firstperson_lefthand":{"rotation":[-16,83,0],"translation":[2.75,6.25,0.25]},"ground":{"translation":[0,6.5,0]},"gui":{"rotation":[0,0,42],"translation":[0.5,0.5,0],"scale":[0.88867,0.88867,0.88867]},"fixed":{"rotation":[0,0,34.75]}}}
