{"credit":"Made by Wulfy","textures":{"0":"fatalmc:item/summer_v2/scaptula_shovel","particle":"fatalmc:item/summer_v2/scaptula_shovel"},"elements":[{"from":[8,0,7.29289],"to":[9,10,8.29289],"rotation":{"angle":-45,"axis":"y","origin":[8,0,7.29289]},"faces":{"north":{"uv":[4,0,5,10],"texture":"#0"},"east":{"uv":[5,0,6,10],"texture":"#0"},"south":{"uv":[6,0,7,10],"texture":"#0"},"west":{"uv":[7,0,8,10],"texture":"#0"},"up":{"uv":[7,12,6,11],"texture":"#0"},"down":{"uv":[12,6,11,7],"texture":"#0"}}},{"from":[6,10,7],"to":[10,11,9],"rotation":{"angle":0,"axis":"y","origin":[7,10,7]},"faces":{"north":{"uv":[8,2,12,3],"texture":"#0"},"east":{"uv":[0,10,2,11],"texture":"#0"},"south":{"uv":[8,3,12,4],"texture":"#0"},"west":{"uv":[2,10,4,11],"texture":"#0"},"up":{"uv":[4,10,0,8],"texture":"#0"},"down":{"uv":[12,0,8,2],"texture":"#0"}}},{"from":[6,11,7.5],"to":[10,15,8.5],"rotation":{"angle":0,"axis":"y","origin":[7,11,7.5]},"faces":{"north":{"uv":[0,0,4,4],"texture":"#0"},"east":{"uv":[8,4,9,8],"texture":"#0"},"south":{"uv":[0,4,4,8],"texture":"#0"},"west":{"uv":[8,8,9,12],"texture":"#0"},"up":{"uv":[13,5,9,4],"texture":"#0"},"down":{"uv":[13,5,9,6],"texture":"#0"}}},{"from":[7,-1,7],"to":[9,0,9],"rotation":{"angle":0,"axis":"y","origin":[7,-2,7]},"faces":{"north":{"uv":[4,10,6,11],"texture":"#0"},"east":{"uv":[6,10,8,11],"texture":"#0"},"south":{"uv":[9,10,11,11],"texture":"#0"},"west":{"uv":[0,11,2,12],"texture":"#0"},"up":{"uv":[11,8,9,6],"texture":"#0"},"down":{"uv":[11,8,9,10],"texture":"#0"}}},{"from":[7,-2.5,7.5],"to":[9,-2,8.5],"rotation":{"angle":0,"axis":"y","origin":[7,-4,6.5]},"faces":{"north":{"uv":[11,7,13,7.5],"texture":"#0"},"east":{"uv":[11,10,12,10.5],"texture":"#0"},"south":{"uv":[11,8,13,8.5],"texture":"#0"},"west":{"uv":[11,11,12,11.5],"texture":"#0"},"up":{"uv":[4,12,2,11],"texture":"#0"},"down":{"uv":[6,11,4,12],"texture":"#0"}}},{"from":[8.5,-2,7.5],"to":[9,-1,8.5],"rotation":{"angle":0,"axis":"y","origin":[7,-3,6.5]},"faces":{"north":{"uv":[0,12,0.5,13],"texture":"#0"},"east":{"uv":[7,11,8,12],"texture":"#0"},"south":{"uv":[12,0,12.5,1],"texture":"#0"},"west":{"uv":[9,11,10,12],"texture":"#0"},"up":{"uv":[1.5,13,1,12],"texture":"#0"},"down":{"uv":[12.5,1,12,2],"texture":"#0"}}},{"from":[7,-2,7.5],"to":[7.5,-1,8.5],"rotation":{"angle":0,"axis":"y","origin":[5.5,-3,6.5]},"faces":{"north":{"uv":[2,12,2.5,13],"texture":"#0"},"east":{"uv":[11,9,12,10],"texture":"#0"},"south":{"uv":[12,2,12.5,3],"texture":"#0"},"west":{"uv":[10,11,11,12],"texture":"#0"},"up":{"uv":[3.5,13,3,12],"texture":"#0"},"down":{"uv":[12.5,3,12,4],"texture":"#0"}}}],"gui_light":"front","display":{"thirdperson_righthand":{"rotation":[0,-68,0],"translation":[0,2.75,1]},"thirdperson_lefthand":{"rotation":[0,-65,0],"translation":[0,4.5,1.5]},"firstperson_righthand":{"rotation":[-24,-65,0],"translation":[0,2.5,-0.25]},"firstperson_lefthand":{"rotation":[-21,-58,0],"translation":[0.75,3.5,-0.25]},"ground":{"translation":[0,9.75,0],"scale":[0.93945,0.93945,0.93945]},"gui":{"rotation":[0,0,-44.25],"translation":[1,0.75,0],"scale":[0.89063,0.89063,0.89063]}}}
