{
	"credit": "Made by Wulfy",
	"textures": {
		"0": "fatalmc:item/summer_v2/summertime_bow",
		"1": "fatalmc:item/summer_v2/summertime_arrow",
		"particle": "fatalmc:item/summer_v2/summertime_bow"
	},
	"elements": [
		{
			"from": [6.5, 1, 6.5],
			"to": [9.5, 10, 9.5],
			"rotation": {"angle": 0, "axis": "y", "origin": [7.5, 1, 6.5]},
			"faces": {
				"north": {"uv": [3.5, 0, 5, 4.5], "texture": "#0"},
				"east": {"uv": [0, 4, 1.5, 8.5], "texture": "#0"},
				"south": {"uv": [1.5, 4, 3, 8.5], "texture": "#0"},
				"west": {"uv": [3, 4.5, 4.5, 9], "texture": "#0"},
				"up": {"uv": [10.5, 4, 9, 2.5], "texture": "#0"},
				"down": {"uv": [4.5, 9, 3, 10.5], "texture": "#0"}
			}
		},
		{
			"from": [9.5, 6, 8],
			"to": [16.5, 10, 8],
			"rotation": {"angle": 22.5, "axis": "z", "origin": [9.5, 6, 6]},
			"faces": {
				"north": {"uv": [0, 0, 3.5, 2], "texture": "#0"},
				"east": {"uv": [0, 0, 0, 2], "texture": "#0"},
				"south": {"uv": [3.5, 0, 0, 2], "texture": "#0"},
				"west": {"uv": [0, 0, 0, 2], "texture": "#0"},
				"up": {"uv": [3.5, 0, 0, 0], "texture": "#0"},
				"down": {"uv": [3.5, 0, 0, 0], "texture": "#0"}
			}
		},
		{
			"from": [-1.7, 12.7, 8],
			"to": [2.3, 19.7, 8],
			"rotation": {"angle": 0, "axis": "y", "origin": [2.3, 12.7, 6]},
			"faces": {
				"north": {"uv": [0, 0, 3.5, 2], "rotation": 90, "texture": "#0"},
				"east": {"uv": [3.5, 0, 0, 0], "rotation": 270, "texture": "#0"},
				"south": {"uv": [3.5, 0, 0, 2], "rotation": 270, "texture": "#0"},
				"west": {"uv": [3.5, 0, 0, 0], "rotation": 270, "texture": "#0"},
				"up": {"uv": [0, 0, 0, 2], "rotation": 270, "texture": "#0"},
				"down": {"uv": [0, 0, 0, 2], "rotation": 270, "texture": "#0"}
			}
		},
		{
			"from": [-2.4, 10.7, 7.3],
			"to": [1.6, 17.7, 7.3],
			"rotation": {"angle": -22.5, "axis": "x", "origin": [1.6, 10.7, 5.3]},
			"faces": {
				"north": {"uv": [0, 0, 3.5, 2], "rotation": 90, "texture": "#0"},
				"east": {"uv": [3.5, 0, 0, 0], "rotation": 270, "texture": "#0"},
				"south": {"uv": [3.5, 0, 0, 2], "rotation": 270, "texture": "#0"},
				"west": {"uv": [3.5, 0, 0, 0], "rotation": 270, "texture": "#0"},
				"up": {"uv": [0, 0, 0, 2], "rotation": 270, "texture": "#0"},
				"down": {"uv": [0, 0, 0, 2], "rotation": 270, "texture": "#0"}
			}
		},
		{
			"from": [-1.5, -7.5, 8.7],
			"to": [2.5, -0.5, 8.7],
			"rotation": {"angle": -22.5, "axis": "x", "origin": [2.5, -0.5, 10.7]},
			"faces": {
				"north": {"uv": [0, 2, 3.5, 0], "rotation": 270, "texture": "#0"},
				"east": {"uv": [0, 0, 3.5, 0], "rotation": 270, "texture": "#0"},
				"south": {"uv": [3.5, 2, 0, 0], "rotation": 90, "texture": "#0"},
				"west": {"uv": [0, 0, 3.5, 0], "rotation": 270, "texture": "#0"},
				"up": {"uv": [0, 0, 0, 2], "rotation": 270, "texture": "#0"},
				"down": {"uv": [0, 0, 0, 2], "rotation": 270, "texture": "#0"}
			}
		},
		{
			"from": [-1.5, -7.5, 7.3],
			"to": [2.5, -0.5, 7.3],
			"rotation": {"angle": 22.5, "axis": "x", "origin": [2.5, -0.5, 5.3]},
			"faces": {
				"north": {"uv": [3.5, 0, 0, 2], "rotation": 90, "texture": "#0"},
				"east": {"uv": [0, 0, 3.5, 0], "rotation": 270, "texture": "#0"},
				"south": {"uv": [0, 0, 3.5, 2], "rotation": 270, "texture": "#0"},
				"west": {"uv": [0, 0, 3.5, 0], "rotation": 270, "texture": "#0"},
				"up": {"uv": [0, 0, 0, 2], "rotation": 270, "texture": "#0"},
				"down": {"uv": [0, 0, 0, 2], "rotation": 270, "texture": "#0"}
			}
		},
		{
			"from": [-2.4, 10.7, 8.7],
			"to": [1.6, 17.7, 8.7],
			"rotation": {"angle": 22.5, "axis": "x", "origin": [1.6, 10.7, 10.7]},
			"faces": {
				"north": {"uv": [3.5, 2, 0, 0], "rotation": 270, "texture": "#0"},
				"east": {"uv": [3.5, 0, 0, 0], "rotation": 270, "texture": "#0"},
				"south": {"uv": [0, 2, 3.5, 0], "rotation": 90, "texture": "#0"},
				"west": {"uv": [3.5, 0, 0, 0], "rotation": 270, "texture": "#0"},
				"up": {"uv": [0, 0, 0, 2], "rotation": 270, "texture": "#0"},
				"down": {"uv": [0, 0, 0, 2], "rotation": 270, "texture": "#0"}
			}
		},
		{
			"from": [9.5, 1, 8],
			"to": [16.5, 5, 8],
			"rotation": {"angle": -22.5, "axis": "z", "origin": [9.5, 5, 6]},
			"faces": {
				"north": {"uv": [0, 2, 3.5, 0], "texture": "#0"},
				"east": {"uv": [0, 2, 0, 0], "texture": "#0"},
				"south": {"uv": [3.5, 2, 0, 0], "texture": "#0"},
				"west": {"uv": [0, 2, 0, 0], "texture": "#0"},
				"up": {"uv": [3.5, 0, 0, 0], "texture": "#0"},
				"down": {"uv": [3.5, 0, 0, 0], "texture": "#0"}
			}
		},
		{
			"from": [-2.2, -8.7, 8],
			"to": [1.8, -1.7, 8],
			"rotation": {"angle": 0, "axis": "y", "origin": [1.8, -1.7, 6]},
			"faces": {
				"north": {"uv": [3.5, 0, 0, 2], "rotation": 90, "texture": "#0"},
				"east": {"uv": [0, 0, 3.5, 0], "rotation": 270, "texture": "#0"},
				"south": {"uv": [0, 0, 3.5, 2], "rotation": 270, "texture": "#0"},
				"west": {"uv": [0, 0, 3.5, 0], "rotation": 270, "texture": "#0"},
				"up": {"uv": [0, 0, 0, 2], "rotation": 270, "texture": "#0"},
				"down": {"uv": [0, 0, 0, 2], "rotation": 270, "texture": "#0"}
			}
		},
		{
			"from": [5, 7, 7],
			"to": [10, 10, 9],
			"rotation": {"angle": -22.5, "axis": "z", "origin": [9, 10, 7]},
			"faces": {
				"north": {"uv": [5.5, 0, 7, 2.5], "rotation": 90, "texture": "#0"},
				"east": {"uv": [10.5, 5, 9, 6], "rotation": 270, "texture": "#0"},
				"south": {"uv": [5.5, 2.5, 7, 5], "rotation": 270, "texture": "#0"},
				"west": {"uv": [10.5, 5, 9, 4], "rotation": 270, "texture": "#0"},
				"up": {"uv": [8.5, 0, 9.5, 2.5], "rotation": 270, "texture": "#0"},
				"down": {"uv": [6.5, 8.5, 7.5, 11], "rotation": 270, "texture": "#0"}
			}
		},
		{
			"from": [-0.4, 9.3, 7.1],
			"to": [5.6, 11.3, 8.9],
			"rotation": {"angle": -22.5, "axis": "z", "origin": [4.6, 11.3, 7]},
			"faces": {
				"north": {"uv": [7, 2.5, 8, 5.5], "rotation": 90, "texture": "#0"},
				"east": {"uv": [10.5, 1, 9.5, 2], "rotation": 270, "texture": "#0"},
				"south": {"uv": [5.5, 7.5, 6.5, 10.5], "rotation": 270, "texture": "#0"},
				"west": {"uv": [10.5, 1, 9.5, 0], "rotation": 270, "texture": "#0"},
				"up": {"uv": [7, 5.5, 8, 8.5], "rotation": 270, "texture": "#0"},
				"down": {"uv": [8, 2.5, 9, 5.5], "rotation": 270, "texture": "#0"}
			}
		},
		{
			"from": [-1.5, 12.7, 7.5],
			"to": [-0.5, 15.7, 8.3],
			"rotation": {"angle": 45, "axis": "z", "origin": [0.5, 13.7, 7.4]},
			"faces": {
				"north": {"uv": [5, 9.5, 5.5, 11], "texture": "#0"},
				"east": {"uv": [9.5, 10, 10, 11.5], "texture": "#0"},
				"south": {"uv": [10, 10, 10.5, 11.5], "texture": "#0"},
				"west": {"uv": [10.5, 0, 11, 1.5], "texture": "#0"},
				"up": {"uv": [3.5, 4.5, 3, 4], "texture": "#0"},
				"down": {"uv": [7, 7.5, 6.5, 8], "texture": "#0"}
			}
		},
		{
			"from": [-0.7, -0.4, 7.1],
			"to": [5.3, 1.6, 8.9],
			"rotation": {"angle": 22.5, "axis": "z", "origin": [4.3, -0.4, 7]},
			"faces": {
				"north": {"uv": [8, 5.5, 9, 8.5], "rotation": 270, "texture": "#0"},
				"east": {"uv": [10.5, 9, 9.5, 8], "rotation": 90, "texture": "#0"},
				"south": {"uv": [1, 8.5, 2, 11.5], "rotation": 90, "texture": "#0"},
				"west": {"uv": [10.5, 9, 9.5, 10], "rotation": 90, "texture": "#0"},
				"up": {"uv": [2, 8.5, 3, 11.5], "rotation": 90, "texture": "#0"},
				"down": {"uv": [0, 8.5, 1, 11.5], "rotation": 90, "texture": "#0"}
			}
		},
		{
			"from": [-1.6, 0, 7.5],
			"to": [-0.6, 1, 8.3],
			"rotation": {"angle": 22.5, "axis": "z", "origin": [4.4, -0.5, 7]},
			"faces": {
				"north": {"uv": [6.5, 8, 7, 8.5], "rotation": 270, "texture": "#0"},
				"east": {"uv": [11, 2, 10.5, 1.5], "rotation": 90, "texture": "#0"},
				"south": {"uv": [9.5, 2, 10, 2.5], "rotation": 90, "texture": "#0"},
				"west": {"uv": [11, 2, 10.5, 2.5], "rotation": 90, "texture": "#0"},
				"up": {"uv": [10, 2, 10.5, 2.5], "rotation": 90, "texture": "#0"},
				"down": {"uv": [9, 8, 9.5, 8.5], "rotation": 90, "texture": "#0"}
			}
		},
		{
			"from": [5, 1, 7],
			"to": [10, 4, 9],
			"rotation": {"angle": 22.5, "axis": "z", "origin": [9, 1, 7]},
			"faces": {
				"north": {"uv": [5.5, 5, 7, 7.5], "rotation": 270, "texture": "#0"},
				"east": {"uv": [10.5, 7, 9, 6], "rotation": 90, "texture": "#0"},
				"south": {"uv": [7, 0, 8.5, 2.5], "rotation": 90, "texture": "#0"},
				"west": {"uv": [10.5, 7, 9, 8], "rotation": 90, "texture": "#0"},
				"up": {"uv": [8.5, 8.5, 9.5, 11], "rotation": 90, "texture": "#0"},
				"down": {"uv": [7.5, 8.5, 8.5, 11], "rotation": 90, "texture": "#0"}
			}
		},
		{
			"from": [-0.6, 2.7, 8.1],
			"to": [0.4, 11.7, 8.1],
			"rotation": {"angle": -45, "axis": "z", "origin": [0.4, 11.7, 7.1]},
			"faces": {
				"north": {"uv": [4.5, 4.5, 5, 9], "texture": "#0"},
				"east": {"uv": [0, 0, 0, 9], "texture": "#missing"},
				"south": {"uv": [4.5, 4.5, 5, 9], "texture": "#0"},
				"west": {"uv": [0, 0, 0, 9], "texture": "#missing"},
				"up": {"uv": [0, 0, 1, 0], "texture": "#missing"},
				"down": {"uv": [0, 0, 1, 0], "texture": "#missing"}
			}
		},
		{
			"from": [-0.8, -0.6, 8.1],
			"to": [0.2, 8.4, 8.1],
			"rotation": {"angle": 45, "axis": "z", "origin": [0.2, -0.6, 8.1]},
			"faces": {
				"north": {"uv": [4.5, 9, 5, 4.5], "texture": "#0"},
				"east": {"uv": [0, 9, 0, 0], "texture": "#missing"},
				"south": {"uv": [4.5, 9, 5, 4.5], "texture": "#0"},
				"west": {"uv": [0, 9, 0, 0], "texture": "#missing"},
				"up": {"uv": [0, 0, 1, 0], "texture": "#missing"},
				"down": {"uv": [0, 0, 1, 0], "texture": "#missing"}
			}
		},
		{
			"from": [-2, 5, 8],
			"to": [8, 6, 8],
			"rotation": {"angle": 0, "axis": "y", "origin": [3, 5.5, 8]},
			"faces": {
				"north": {"uv": [4, 0, 14, 1], "texture": "#1"},
				"east": {"uv": [0, 0, 0, 1], "texture": "#1"},
				"south": {"uv": [14, 0, 4, 1], "texture": "#1"},
				"west": {"uv": [0, 0, 0, 1], "texture": "#1"},
				"up": {"uv": [10, 0, 0, 0], "texture": "#1"},
				"down": {"uv": [10, 0, 0, 0], "texture": "#1"}
			}
		},
		{
			"from": [-5, 4, 8],
			"to": [-2, 7, 8],
			"rotation": {"angle": 0, "axis": "y", "origin": [3, 5.5, 8]},
			"faces": {
				"north": {"uv": [4, 2, 7, 5], "texture": "#1"},
				"east": {"uv": [0, 0, 0, 3], "texture": "#1"},
				"south": {"uv": [7, 2, 4, 5], "texture": "#1"},
				"west": {"uv": [0, 0, 0, 3], "texture": "#1"},
				"up": {"uv": [3, 0, 0, 0], "texture": "#1"},
				"down": {"uv": [3, 0, 0, 0], "texture": "#1"}
			}
		},
		{
			"from": [8, 4, 8],
			"to": [12, 7, 8],
			"rotation": {"angle": 0, "axis": "y", "origin": [3, 5.5, 8]},
			"faces": {
				"north": {"uv": [0, 0, 4, 3], "texture": "#1"},
				"east": {"uv": [0, 0, 0, 3], "texture": "#1"},
				"south": {"uv": [4, 0, 0, 3], "texture": "#1"},
				"west": {"uv": [0, 0, 0, 3], "texture": "#1"},
				"up": {"uv": [4, 0, 0, 0], "texture": "#1"},
				"down": {"uv": [4, 0, 0, 0], "texture": "#1"}
			}
		},
		{
			"from": [-5, 5.5, 6.5],
			"to": [-2, 5.5, 9.5],
			"rotation": {"angle": 0, "axis": "y", "origin": [3, 5.5, 8]},
			"faces": {
				"north": {"uv": [3, 0, 0, 0], "rotation": 180, "texture": "#1"},
				"east": {"uv": [0, 0, 0, 3], "rotation": 270, "texture": "#1"},
				"south": {"uv": [3, 0, 0, 0], "texture": "#1"},
				"west": {"uv": [0, 0, 0, 3], "rotation": 90, "texture": "#1"},
				"up": {"uv": [4, 2, 7, 5], "rotation": 180, "texture": "#1"},
				"down": {"uv": [7, 2, 4, 5], "texture": "#1"}
			}
		},
		{
			"from": [-2, 5.5, 7.5],
			"to": [8, 5.5, 8.5],
			"rotation": {"angle": 0, "axis": "y", "origin": [3, 5.5, 8]},
			"faces": {
				"north": {"uv": [10, 0, 0, 0], "rotation": 180, "texture": "#1"},
				"east": {"uv": [0, 0, 0, 1], "rotation": 270, "texture": "#1"},
				"south": {"uv": [10, 0, 0, 0], "texture": "#1"},
				"west": {"uv": [0, 0, 0, 1], "rotation": 90, "texture": "#1"},
				"up": {"uv": [4, 0, 14, 1], "rotation": 180, "texture": "#1"},
				"down": {"uv": [14, 0, 4, 1], "texture": "#1"}
			}
		},
		{
			"from": [8, 5.5, 6.5],
			"to": [12, 5.5, 9.5],
			"rotation": {"angle": 0, "axis": "y", "origin": [3, 5.5, 8]},
			"faces": {
				"north": {"uv": [4, 0, 0, 0], "rotation": 180, "texture": "#1"},
				"east": {"uv": [0, 0, 0, 3], "rotation": 270, "texture": "#1"},
				"south": {"uv": [4, 0, 0, 0], "texture": "#1"},
				"west": {"uv": [0, 0, 0, 3], "rotation": 90, "texture": "#1"},
				"up": {"uv": [0, 0, 4, 3], "rotation": 180, "texture": "#1"},
				"down": {"uv": [4, 0, 0, 3], "texture": "#1"}
			}
		}
	],
	"display": {
		"thirdperson_righthand": {
			"rotation": [0, 93, 0],
			"translation": [0, 2.5, 0.5]
		},
		"thirdperson_lefthand": {
			"rotation": [0, -77, 0],
			"translation": [0, 3.25, 1]
		},
		"firstperson_righthand": {
			"rotation": [0, 85, 0],
			"translation": [0, 5.75, -1]
		},
		"firstperson_lefthand": {
			"rotation": [5, -86, 0],
			"translation": [0, 6, -0.75]
		},
		"ground": {
			"translation": [0, 15, 0],
			"scale": [0.61523, 0.61523, 0.61523]
		},
		"gui": {
			"rotation": [0, 0, 41.5],
			"translation": [0.75, 2.5, 0],
			"scale": [0.47461, 0.47461, 0.47461]
		},
		"fixed": {
			"translation": [1.5, 2.25, 0]
		}
	},
	"groups": [
		{
			"name": "group",
			"origin": [8, 8, 8],
			"color": 0,
			"children": [0, 1, 2, 3, 4, 5, 6, 7, 8, 9, 10, 11, 12, 13, 14, 15, 16]
		},
		{
			"name": "group",
			"origin": [8, 8, 8],
			"color": 0,
			"children": [17, 18, 19, 20, 21, 22]
		}
	]
}
