{"credit":"Made by Wulfy","textures":{"0":"fatalmc:item/summer_v2/summertime_bow","1":"fatalmc:item/summer_v2/summertime_arrow","particle":"fatalmc:item/summer_v2/summertime_bow"},"elements":[{"from":[6.5,1,6.5],"to":[9.5,10,9.5],"rotation":{"angle":0,"axis":"y","origin":[7.5,1,6.5]},"faces":{"north":{"uv":[3.5,0,5,4.5],"texture":"#0"},"east":{"uv":[0,4,1.5,8.5],"texture":"#0"},"south":{"uv":[1.5,4,3,8.5],"texture":"#0"},"west":{"uv":[3,4.5,4.5,9],"texture":"#0"},"up":{"uv":[10.5,4,9,2.5],"texture":"#0"},"down":{"uv":[4.5,9,3,10.5],"texture":"#0"}}},{"from":[9.5,6,8],"to":[16.5,10,8],"rotation":{"angle":22.5,"axis":"z","origin":[9.5,6,6]},"faces":{"north":{"uv":[0,0,3.5,2],"texture":"#0"},"east":{"uv":[0,0,0,2],"texture":"#0"},"south":{"uv":[3.5,0,0,2],"texture":"#0"},"west":{"uv":[0,0,0,2],"texture":"#0"},"up":{"uv":[3.5,0,0,0],"texture":"#0"},"down":{"uv":[3.5,0,0,0],"texture":"#0"}}},{"from":[1.5,15,8],"to":[5.5,22,8],"rotation":{"angle":-22.5,"axis":"z","origin":[5.5,15,6]},"faces":{"north":{"uv":[0,0,3.5,2],"rotation":90,"texture":"#0"},"east":{"uv":[3.5,0,0,0],"rotation":270,"texture":"#0"},"south":{"uv":[3.5,0,0,2],"rotation":270,"texture":"#0"},"west":{"uv":[3.5,0,0,0],"rotation":270,"texture":"#0"},"up":{"uv":[0,0,0,2],"rotation":270,"texture":"#0"},"down":{"uv":[0,0,0,2],"rotation":270,"texture":"#0"}}},{"from":[1.8,15,7.3],"to":[5.8,22,7.3],"rotation":{"angle":-22.5,"axis":"x","origin":[5.8,15,5.3]},"faces":{"north":{"uv":[0,0,3.5,2],"rotation":90,"texture":"#0"},"east":{"uv":[3.5,0,0,0],"rotation":270,"texture":"#0"},"south":{"uv":[3.5,0,0,2],"rotation":270,"texture":"#0"},"west":{"uv":[3.5,0,0,0],"rotation":270,"texture":"#0"},"up":{"uv":[0,0,0,2],"rotation":270,"texture":"#0"},"down":{"uv":[0,0,0,2],"rotation":270,"texture":"#0"}}},{"from":[1.5,-10.6,8.7],"to":[5.5,-3.6,8.7],"rotation":{"angle":-22.5,"axis":"x","origin":[5.5,-3.6,10.7]},"faces":{"north":{"uv":[0,2,3.5,0],"rotation":270,"texture":"#0"},"east":{"uv":[0,0,3.5,0],"rotation":270,"texture":"#0"},"south":{"uv":[3.5,2,0,0],"rotation":90,"texture":"#0"},"west":{"uv":[0,0,3.5,0],"rotation":270,"texture":"#0"},"up":{"uv":[0,0,0,2],"rotation":270,"texture":"#0"},"down":{"uv":[0,0,0,2],"rotation":270,"texture":"#0"}}},{"from":[1.5,-10.6,7.3],"to":[5.5,-3.6,7.3],"rotation":{"angle":22.5,"axis":"x","origin":[5.5,-3.6,5.3]},"faces":{"north":{"uv":[3.5,0,0,2],"rotation":90,"texture":"#0"},"east":{"uv":[0,0,3.5,0],"rotation":270,"texture":"#0"},"south":{"uv":[0,0,3.5,2],"rotation":270,"texture":"#0"},"west":{"uv":[0,0,3.5,0],"rotation":270,"texture":"#0"},"up":{"uv":[0,0,0,2],"rotation":270,"texture":"#0"},"down":{"uv":[0,0,0,2],"rotation":270,"texture":"#0"}}},{"from":[1.8,15,8.7],"to":[5.8,22,8.7],"rotation":{"angle":22.5,"axis":"x","origin":[5.8,15,10.7]},"faces":{"north":{"uv":[3.5,2,0,0],"rotation":270,"texture":"#0"},"east":{"uv":[3.5,0,0,0],"rotation":270,"texture":"#0"},"south":{"uv":[0,2,3.5,0],"rotation":90,"texture":"#0"},"west":{"uv":[3.5,0,0,0],"rotation":270,"texture":"#0"},"up":{"uv":[0,0,0,2],"rotation":270,"texture":"#0"},"down":{"uv":[0,0,0,2],"rotation":270,"texture":"#0"}}},{"from":[9.5,1,8],"to":[16.5,5,8],"rotation":{"angle":-22.5,"axis":"z","origin":[9.5,5,6]},"faces":{"north":{"uv":[0,2,3.5,0],"texture":"#0"},"east":{"uv":[0,2,0,0],"texture":"#0"},"south":{"uv":[3.5,2,0,0],"texture":"#0"},"west":{"uv":[0,2,0,0],"texture":"#0"},"up":{"uv":[3.5,0,0,0],"texture":"#0"},"down":{"uv":[3.5,0,0,0],"texture":"#0"}}},{"from":[1.5,-11,8],"to":[5.5,-4,8],"rotation":{"angle":22.5,"axis":"z","origin":[5.5,-4,6]},"faces":{"north":{"uv":[3.5,0,0,2],"rotation":90,"texture":"#0"},"east":{"uv":[0,0,3.5,0],"rotation":270,"texture":"#0"},"south":{"uv":[0,0,3.5,2],"rotation":270,"texture":"#0"},"west":{"uv":[0,0,3.5,0],"rotation":270,"texture":"#0"},"up":{"uv":[0,0,0,2],"rotation":270,"texture":"#0"},"down":{"uv":[0,0,0,2],"rotation":270,"texture":"#0"}}},{"from":[6,9,7],"to":[9,14,9],"rotation":{"angle":22.5,"axis":"z","origin":[9,10,7]},"faces":{"north":{"uv":[5.5,0,7,2.5],"texture":"#0"},"east":{"uv":[8.5,0,9.5,2.5],"texture":"#0"},"south":{"uv":[5.5,2.5,7,5],"texture":"#0"},"west":{"uv":[6.5,8.5,7.5,11],"texture":"#0"},"up":{"uv":[10.5,5,9,4],"texture":"#0"},"down":{"uv":[10.5,5,9,6],"texture":"#0"}}},{"from":[5,12,7.1],"to":[7,18,8.9],"rotation":{"angle":45,"axis":"z","origin":[7,13,7]},"faces":{"north":{"uv":[7,2.5,8,5.5],"texture":"#0"},"east":{"uv":[7,5.5,8,8.5],"texture":"#0"},"south":{"uv":[5.5,7.5,6.5,10.5],"texture":"#0"},"west":{"uv":[8,2.5,9,5.5],"texture":"#0"},"up":{"uv":[10.5,1,9.5,0],"texture":"#0"},"down":{"uv":[10.5,1,9.5,2],"texture":"#0"}}},{"from":[2,16,7.5],"to":[3,19,8.3],"rotation":{"angle":22.5,"axis":"z","origin":[4,17,7.4]},"faces":{"north":{"uv":[5,9.5,5.5,11],"texture":"#0"},"east":{"uv":[9.5,10,10,11.5],"texture":"#0"},"south":{"uv":[10,10,10.5,11.5],"texture":"#0"},"west":{"uv":[10.5,0,11,1.5],"texture":"#0"},"up":{"uv":[3.5,4.5,3,4],"texture":"#0"},"down":{"uv":[7,7.5,6.5,8],"texture":"#0"}}},{"from":[2.2,-4,7.9],"to":[3.2,15,7.9],"rotation":{"angle":0,"axis":"y","origin":[4.2,10,7]},"faces":{"north":{"uv":[4.5,4.5,5,14],"texture":"#0"},"east":{"uv":[0,0,0,9.5],"texture":"#0"},"south":{"uv":[4.5,4.5,5,14],"texture":"#0"},"west":{"uv":[0,0,0,9.5],"texture":"#0"},"up":{"uv":[0.5,0,0,0],"texture":"#0"},"down":{"uv":[0.5,0,0,0],"texture":"#0"}}},{"from":[5,-7,7.1],"to":[7,-1,8.9],"rotation":{"angle":-45,"axis":"z","origin":[7,-2,7]},"faces":{"north":{"uv":[8,5.5,9,8.5],"texture":"#0"},"east":{"uv":[0,8.5,1,11.5],"texture":"#0"},"south":{"uv":[1,8.5,2,11.5],"texture":"#0"},"west":{"uv":[2,8.5,3,11.5],"texture":"#0"},"up":{"uv":[10.5,9,9.5,8],"texture":"#0"},"down":{"uv":[10.5,9,9.5,10],"texture":"#0"}}},{"from":[5.5,-8,7.5],"to":[6.5,-7,8.3],"rotation":{"angle":-45,"axis":"z","origin":[7,-2,7]},"faces":{"north":{"uv":[6.5,8,7,8.5],"texture":"#0"},"east":{"uv":[9,8,9.5,8.5],"texture":"#0"},"south":{"uv":[9.5,2,10,2.5],"texture":"#0"},"west":{"uv":[10,2,10.5,2.5],"texture":"#0"},"up":{"uv":[11,2,10.5,1.5],"texture":"#0"},"down":{"uv":[11,2,10.5,2.5],"texture":"#0"}}},{"from":[6,-3,7],"to":[9,2,9],"rotation":{"angle":-22.5,"axis":"z","origin":[9,1,7]},"faces":{"north":{"uv":[5.5,5,7,7.5],"texture":"#0"},"east":{"uv":[7.5,8.5,8.5,11],"texture":"#0"},"south":{"uv":[7,0,8.5,2.5],"texture":"#0"},"west":{"uv":[8.5,8.5,9.5,11],"texture":"#0"},"up":{"uv":[10.5,7,9,6],"texture":"#0"},"down":{"uv":[10.5,7,9,8],"texture":"#0"}}},{"from":[5,5,8],"to":[15,6,8],"rotation":{"angle":0,"axis":"y","origin":[10,5.5,8]},"faces":{"north":{"uv":[4,0,14,1],"texture":"#1"},"east":{"uv":[0,0,0,1],"texture":"#1"},"south":{"uv":[14,0,4,1],"texture":"#1"},"west":{"uv":[0,0,0,1],"texture":"#1"},"up":{"uv":[10,0,0,0],"texture":"#1"},"down":{"uv":[10,0,0,0],"texture":"#1"}}},{"from":[2,4,8],"to":[5,7,8],"rotation":{"angle":0,"axis":"y","origin":[10,5.5,8]},"faces":{"north":{"uv":[4,2,7,5],"texture":"#1"},"east":{"uv":[0,0,0,3],"texture":"#1"},"south":{"uv":[7,2,4,5],"texture":"#1"},"west":{"uv":[0,0,0,3],"texture":"#1"},"up":{"uv":[3,0,0,0],"texture":"#1"},"down":{"uv":[3,0,0,0],"texture":"#1"}}},{"from":[15,4,8],"to":[19,7,8],"rotation":{"angle":0,"axis":"y","origin":[10,5.5,8]},"faces":{"north":{"uv":[0,0,4,3],"texture":"#1"},"east":{"uv":[0,0,0,3],"texture":"#1"},"south":{"uv":[4,0,0,3],"texture":"#1"},"west":{"uv":[0,0,0,3],"texture":"#1"},"up":{"uv":[4,0,0,0],"texture":"#1"},"down":{"uv":[4,0,0,0],"texture":"#1"}}},{"from":[2,5.5,6.5],"to":[5,5.5,9.5],"rotation":{"angle":0,"axis":"y","origin":[10,5.5,8]},"faces":{"north":{"uv":[3,0,0,0],"rotation":180,"texture":"#1"},"east":{"uv":[0,0,0,3],"rotation":270,"texture":"#1"},"south":{"uv":[3,0,0,0],"texture":"#1"},"west":{"uv":[0,0,0,3],"rotation":90,"texture":"#1"},"up":{"uv":[4,2,7,5],"rotation":180,"texture":"#1"},"down":{"uv":[7,2,4,5],"texture":"#1"}}},{"from":[5,5.5,7.5],"to":[15,5.5,8.5],"rotation":{"angle":0,"axis":"y","origin":[10,5.5,8]},"faces":{"north":{"uv":[10,0,0,0],"rotation":180,"texture":"#1"},"east":{"uv":[0,0,0,1],"rotation":270,"texture":"#1"},"south":{"uv":[10,0,0,0],"texture":"#1"},"west":{"uv":[0,0,0,1],"rotation":90,"texture":"#1"},"up":{"uv":[4,0,14,1],"rotation":180,"texture":"#1"},"down":{"uv":[14,0,4,1],"texture":"#1"}}},{"from":[15,5.5,6.5],"to":[19,5.5,9.5],"rotation":{"angle":0,"axis":"y","origin":[10,5.5,8]},"faces":{"north":{"uv":[4,0,0,0],"rotation":180,"texture":"#1"},"east":{"uv":[0,0,0,3],"rotation":270,"texture":"#1"},"south":{"uv":[4,0,0,0],"texture":"#1"},"west":{"uv":[0,0,0,3],"rotation":90,"texture":"#1"},"up":{"uv":[0,0,4,3],"rotation":180,"texture":"#1"},"down":{"uv":[4,0,0,3],"texture":"#1"}}}],"display":{"thirdperson_righthand":{"rotation":[0,93,0],"translation":[0,2.5,0.5]},"thirdperson_lefthand":{"rotation":[0,-77,0],"translation":[0,3.25,1]},"firstperson_righthand":{"rotation":[0,85,0],"translation":[0,5.75,-1]},"firstperson_lefthand":{"rotation":[5,-86,0],"translation":[0,6,-0.75]},"ground":{"translation":[0,15,0],"scale":[0.61523,0.61523,0.61523]},"gui":{"rotation":[0,0,41.5],"translation":[-0.25,2,0],"scale":[0.47461,0.47461,0.47461]},"fixed":{"translation":[1.5,2.25,0]}}}
