{"credit":"Made by Wulfy","texture_size":[64,64],"textures":{"0":"fatalmc:item/summer_v2/summertime_shield","particle":"fatalmc:item/summer_v2/summertime_shield"},"elements":[{"from":[3,0,7.5],"to":[13,17,8.5],"rotation":{"angle":0,"axis":"y","origin":[0,0,7.5]},"faces":{"north":{"uv":[0,0,2.5,4.25],"texture":"#0"},"east":{"uv":[2.5,4.25,2.75,8.5],"texture":"#0"},"south":{"uv":[2.5,0,5,4.25],"texture":"#0"},"west":{"uv":[2.75,4.25,3,8.5],"texture":"#0"},"up":{"uv":[7,4.5,4.5,4.25],"texture":"#0"},"down":{"uv":[7,4.5,4.5,4.75],"texture":"#0"}}},{"from":[5,11,8.5],"to":[6,12,11.5],"rotation":{"angle":0,"axis":"y","origin":[0,0,8.5]},"faces":{"north":{"uv":[1,6,1.25,6.25],"texture":"#0"},"east":{"uv":[5,3.25,5.75,3.5],"texture":"#0"},"south":{"uv":[1.25,6,1.5,6.25],"texture":"#0"},"west":{"uv":[5,3.5,5.75,3.75],"texture":"#0"},"up":{"uv":[1.25,6,1,5.25],"texture":"#0"},"down":{"uv":[1.5,5.25,1.25,6],"texture":"#0"}}},{"from":[10,11,8.5],"to":[11,12,11.5],"rotation":{"angle":0,"axis":"y","origin":[5,0,8.5]},"faces":{"north":{"uv":[6,1.25,6.25,1.5],"texture":"#0"},"east":{"uv":[5,3.75,5.75,4],"texture":"#0"},"south":{"uv":[1.5,6,1.75,6.25],"texture":"#0"},"west":{"uv":[5,4,5.75,4.25],"texture":"#0"},"up":{"uv":[1.75,6,1.5,5.25],"texture":"#0"},"down":{"uv":[2,5.25,1.75,6],"texture":"#0"}}},{"from":[5,7,8.5],"to":[6,8,11.5],"rotation":{"angle":0,"axis":"y","origin":[0,-4,8.5]},"faces":{"north":{"uv":[6,1.5,6.25,1.75],"texture":"#0"},"east":{"uv":[5.25,2,6,2.25],"texture":"#0"},"south":{"uv":[1.75,6,2,6.25],"texture":"#0"},"west":{"uv":[5.25,2.25,6,2.5],"texture":"#0"},"up":{"uv":[2.25,6,2,5.25],"texture":"#0"},"down":{"uv":[2.5,5.25,2.25,6],"texture":"#0"}}},{"from":[10,7,8.5],"to":[11,8,11.5],"rotation":{"angle":0,"axis":"y","origin":[5,-4,8.5]},"faces":{"north":{"uv":[2,6,2.25,6.25],"texture":"#0"},"east":{"uv":[5.25,2.5,6,2.75],"texture":"#0"},"south":{"uv":[6,2,6.25,2.25],"texture":"#0"},"west":{"uv":[5.25,2.75,6,3],"texture":"#0"},"up":{"uv":[3.25,6,3,5.25],"texture":"#0"},"down":{"uv":[3.5,5.25,3.25,6],"texture":"#0"}}},{"from":[5,7,11.5],"to":[6,12,12.5],"rotation":{"angle":0,"axis":"y","origin":[0,-4,11.5]},"faces":{"north":{"uv":[5,0.75,5.25,2],"texture":"#0"},"east":{"uv":[5,2,5.25,3.25],"texture":"#0"},"south":{"uv":[5,4.75,5.25,6],"texture":"#0"},"west":{"uv":[0,5.25,0.25,6.5],"texture":"#0"},"up":{"uv":[2.5,6.25,2.25,6],"texture":"#0"},"down":{"uv":[6.25,2.25,6,2.5],"texture":"#0"}}},{"from":[10,7,11.5],"to":[11,12,12.5],"rotation":{"angle":0,"axis":"y","origin":[5,-4,11.5]},"faces":{"north":{"uv":[0.25,5.25,0.5,6.5],"texture":"#0"},"east":{"uv":[0.5,5.25,0.75,6.5],"texture":"#0"},"south":{"uv":[0.75,5.25,1,6.5],"texture":"#0"},"west":{"uv":[5.25,0.75,5.5,2],"texture":"#0"},"up":{"uv":[6.25,2.75,6,2.5],"texture":"#0"},"down":{"uv":[6.25,2.75,6,3],"texture":"#0"}}},{"from":[11,17,7.5],"to":[12,19,8.5],"rotation":{"angle":0,"axis":"y","origin":[7,17,7.5]},"faces":{"north":{"uv":[5.5,1.5,5.75,2],"texture":"#0"},"east":{"uv":[5.25,5.5,5.5,6],"texture":"#0"},"south":{"uv":[5.5,5.5,5.75,6],"texture":"#0"},"west":{"uv":[5.75,0,6,0.5],"texture":"#0"},"up":{"uv":[3.5,6.25,3.25,6],"texture":"#0"},"down":{"uv":[6.25,3.25,6,3.5],"texture":"#0"}}},{"from":[12,-3,7.5],"to":[13,0,8.5],"rotation":{"angle":0,"axis":"y","origin":[8,0,7.5]},"faces":{"north":{"uv":[3.5,6,3.75,5.25],"texture":"#0"},"east":{"uv":[3.75,6,4,5.25],"texture":"#0"},"south":{"uv":[4,6,4.25,5.25],"texture":"#0"},"west":{"uv":[4.25,6,4.5,5.25],"texture":"#0"},"up":{"uv":[6.25,3.25,6,3],"texture":"#0"},"down":{"uv":[3.25,6,3,6.25],"texture":"#0"}}},{"from":[3,-3,7.5],"to":[5,0,8.5],"rotation":{"angle":0,"axis":"y","origin":[0,0,7.5]},"faces":{"north":{"uv":[4.5,5.5,5,4.75],"texture":"#0"},"east":{"uv":[5.25,5.5,5.5,4.75],"texture":"#0"},"south":{"uv":[5,0.75,5.5,0],"texture":"#0"},"west":{"uv":[5.5,0.75,5.75,0],"texture":"#0"},"up":{"uv":[6.25,0.75,5.75,0.5],"texture":"#0"},"down":{"uv":[5.75,3,5.25,3.25],"texture":"#0"}}},{"from":[5,-2,7.5],"to":[6,0,8.5],"rotation":{"angle":0,"axis":"y","origin":[3,0,7.5]},"faces":{"north":{"uv":[5.75,5.75,6,5.25],"texture":"#0"},"east":{"uv":[5.75,6.25,6,5.75],"texture":"#0"},"south":{"uv":[6,0.5,6.25,0],"texture":"#0"},"west":{"uv":[6,1.25,6.25,0.75],"texture":"#0"},"up":{"uv":[4.5,6.25,4.25,6],"texture":"#0"},"down":{"uv":[4.25,6,4,6.25],"texture":"#0"}}},{"from":[6,-1,7.5],"to":[8,0,8.5],"rotation":{"angle":0,"axis":"y","origin":[4,0,7.5]},"faces":{"north":{"uv":[5.75,2,6.25,1.75],"texture":"#0"},"east":{"uv":[3.75,6.25,4,6],"texture":"#0"},"south":{"uv":[5.75,4.25,6.25,4],"texture":"#0"},"west":{"uv":[6,4,6.25,3.75],"texture":"#0"},"up":{"uv":[6.25,5.25,5.75,5],"texture":"#0"},"down":{"uv":[6.25,4.75,5.75,5],"texture":"#0"}}},{"from":[8,-2,7.5],"to":[9,0,8.5],"rotation":{"angle":0,"axis":"y","origin":[5,0,7.5]},"faces":{"north":{"uv":[5.75,1.25,6,0.75],"texture":"#0"},"east":{"uv":[5.75,1.75,6,1.25],"texture":"#0"},"south":{"uv":[5.75,3.5,6,3],"texture":"#0"},"west":{"uv":[5.75,4,6,3.5],"texture":"#0"},"up":{"uv":[6.25,3.75,6,3.5],"texture":"#0"},"down":{"uv":[3.75,6,3.5,6.25],"texture":"#0"}}},{"from":[11,-2,7.5],"to":[12,0,8.5],"rotation":{"angle":0,"axis":"y","origin":[7,0,7.5]},"faces":{"north":{"uv":[5.5,2,5.75,1.5],"texture":"#0"},"east":{"uv":[5.25,6,5.5,5.5],"texture":"#0"},"south":{"uv":[5.5,6,5.75,5.5],"texture":"#0"},"west":{"uv":[5.75,0.5,6,0],"texture":"#0"},"up":{"uv":[6.25,3.5,6,3.25],"texture":"#0"},"down":{"uv":[3.5,6,3.25,6.25],"texture":"#0"}}},{"from":[3,17,7.5],"to":[5,20,8.5],"rotation":{"angle":0,"axis":"y","origin":[0,17,7.5]},"faces":{"north":{"uv":[4.5,4.75,5,5.5],"texture":"#0"},"east":{"uv":[5.25,4.75,5.5,5.5],"texture":"#0"},"south":{"uv":[5,0,5.5,0.75],"texture":"#0"},"west":{"uv":[5.5,0,5.75,0.75],"texture":"#0"},"up":{"uv":[5.75,3.25,5.25,3],"texture":"#0"},"down":{"uv":[6.25,0.5,5.75,0.75],"texture":"#0"}}},{"from":[8,17,7.5],"to":[9,19,8.5],"rotation":{"angle":0,"axis":"y","origin":[5,17,7.5]},"faces":{"north":{"uv":[5.75,0.75,6,1.25],"texture":"#0"},"east":{"uv":[5.75,1.25,6,1.75],"texture":"#0"},"south":{"uv":[5.75,3,6,3.5],"texture":"#0"},"west":{"uv":[5.75,3.5,6,4],"texture":"#0"},"up":{"uv":[3.75,6.25,3.5,6],"texture":"#0"},"down":{"uv":[6.25,3.5,6,3.75],"texture":"#0"}}},{"from":[6,17,7.5],"to":[8,18,8.5],"rotation":{"angle":0,"axis":"y","origin":[4,17,7.5]},"faces":{"north":{"uv":[5.75,1.75,6.25,2],"texture":"#0"},"east":{"uv":[3.75,6,4,6.25],"texture":"#0"},"south":{"uv":[5.75,4,6.25,4.25],"texture":"#0"},"west":{"uv":[6,3.75,6.25,4],"texture":"#0"},"up":{"uv":[6.25,5,5.75,4.75],"texture":"#0"},"down":{"uv":[6.25,5,5.75,5.25],"texture":"#0"}}},{"from":[5,17,7.5],"to":[6,19,8.5],"rotation":{"angle":0,"axis":"y","origin":[3,17,7.5]},"faces":{"north":{"uv":[5.75,5.25,6,5.75],"texture":"#0"},"east":{"uv":[5.75,5.75,6,6.25],"texture":"#0"},"south":{"uv":[6,0,6.25,0.5],"texture":"#0"},"west":{"uv":[6,0.75,6.25,1.25],"texture":"#0"},"up":{"uv":[4.25,6.25,4,6],"texture":"#0"},"down":{"uv":[4.5,6,4.25,6.25],"texture":"#0"}}},{"from":[3,11.5,7.5],"to":[6,15.5,7.5],"rotation":{"angle":-22.5,"axis":"y","origin":[6,13.5,7.5]},"faces":{"north":{"uv":[3,4.25,3.75,5.25],"texture":"#0"},"east":{"uv":[0,0,0,1],"texture":"#0"},"south":{"uv":[3.75,4.25,4.5,5.25],"texture":"#0"},"west":{"uv":[0,0,0,1],"texture":"#0"},"up":{"uv":[0.75,0,0,0],"texture":"#0"},"down":{"uv":[0.75,0,0,0],"texture":"#0"}}},{"from":[12,17,7.5],"to":[13,20,8.5],"rotation":{"angle":0,"axis":"y","origin":[8,17,7.5]},"faces":{"north":{"uv":[5.5,0.75,5.75,1.5],"texture":"#0"},"east":{"uv":[4.5,5.5,4.75,6.25],"texture":"#0"},"south":{"uv":[4.75,5.5,5,6.25],"texture":"#0"},"west":{"uv":[5.5,4.75,5.75,5.5],"texture":"#0"},"up":{"uv":[5.25,6.25,5,6],"texture":"#0"},"down":{"uv":[5.5,6,5.25,6.25],"texture":"#0"}}},{"from":[-2.15432,11.5,6.42807],"to":[2.84568,15.5,6.42807],"rotation":{"angle":22.5,"axis":"y","origin":[2.84568,13.5,5.42807]},"faces":{"north":{"uv":[0,4.25,1.25,5.25],"texture":"#0"},"east":{"uv":[0,0,0,1],"texture":"#0"},"south":{"uv":[0,4.25,1.25,5.25],"texture":"#0"},"west":{"uv":[0,0,0,1],"texture":"#0"},"up":{"uv":[1.25,0,0,0],"texture":"#0"},"down":{"uv":[1.25,0,0,0],"texture":"#0"}}},{"from":[3,6.5,7.5],"to":[6,10.5,7.5],"rotation":{"angle":-22.5,"axis":"y","origin":[6,8.5,7.5]},"faces":{"north":{"uv":[3,4.25,3.75,5.25],"texture":"#0"},"east":{"uv":[0,0,0,1],"texture":"#0"},"south":{"uv":[3.75,4.25,4.5,5.25],"texture":"#0"},"west":{"uv":[0,0,0,1],"texture":"#0"},"up":{"uv":[0.75,0,0,0],"texture":"#0"},"down":{"uv":[0.75,0,0,0],"texture":"#0"}}},{"from":[-2.15432,6.5,6.42807],"to":[2.84568,10.5,6.42807],"rotation":{"angle":22.5,"axis":"y","origin":[2.84568,8.5,5.42807]},"faces":{"north":{"uv":[0,4.25,1.25,5.25],"texture":"#0"},"east":{"uv":[0,0,0,1],"texture":"#0"},"south":{"uv":[0,4.25,1.25,5.25],"texture":"#0"},"west":{"uv":[0,0,0,1],"texture":"#0"},"up":{"uv":[1.25,0,0,0],"texture":"#0"},"down":{"uv":[1.25,0,0,0],"texture":"#0"}}},{"from":[3,1.5,7.5],"to":[6,5.5,7.5],"rotation":{"angle":-22.5,"axis":"y","origin":[6,3.5,7.5]},"faces":{"north":{"uv":[3,4.25,3.75,5.25],"texture":"#0"},"east":{"uv":[0,0,0,1],"texture":"#0"},"south":{"uv":[3.75,4.25,4.5,5.25],"texture":"#0"},"west":{"uv":[0,0,0,1],"texture":"#0"},"up":{"uv":[0.75,0,0,0],"texture":"#0"},"down":{"uv":[0.75,0,0,0],"texture":"#0"}}},{"from":[-2.15432,1.5,6.42807],"to":[2.84568,5.5,6.42807],"rotation":{"angle":22.5,"axis":"y","origin":[2.84568,3.5,5.42807]},"faces":{"north":{"uv":[0,4.25,1.25,5.25],"texture":"#0"},"east":{"uv":[0,0,0,1],"texture":"#0"},"south":{"uv":[0,4.25,1.25,5.25],"texture":"#0"},"west":{"uv":[0,0,0,1],"texture":"#0"},"up":{"uv":[1.25,0,0,0],"texture":"#0"},"down":{"uv":[1.25,0,0,0],"texture":"#0"}}},{"from":[13.15432,11.5,6.42807],"to":[18.15432,15.5,6.42807],"rotation":{"angle":-22.5,"axis":"y","origin":[13.15432,13.5,5.42807]},"faces":{"north":{"uv":[1.25,4.25,0,5.25],"texture":"#0"},"east":{"uv":[0,0,0,1],"texture":"#0"},"south":{"uv":[1.25,4.25,0,5.25],"texture":"#0"},"west":{"uv":[0,0,0,1],"texture":"#0"},"up":{"uv":[0,0,1.25,0],"texture":"#0"},"down":{"uv":[0,0,1.25,0],"texture":"#0"}}},{"from":[10,11.5,7.5],"to":[13,15.5,7.5],"rotation":{"angle":22.5,"axis":"y","origin":[10,13.5,7.5]},"faces":{"north":{"uv":[3.75,4.25,3,5.25],"texture":"#0"},"east":{"uv":[0,0,0,1],"texture":"#0"},"south":{"uv":[4.5,4.25,3.75,5.25],"texture":"#0"},"west":{"uv":[0,0,0,1],"texture":"#0"},"up":{"uv":[0,0,0.75,0],"texture":"#0"},"down":{"uv":[0,0,0.75,0],"texture":"#0"}}},{"from":[13.15432,6.5,6.42807],"to":[18.15432,10.5,6.42807],"rotation":{"angle":-22.5,"axis":"y","origin":[13.15432,8.5,5.42807]},"faces":{"north":{"uv":[1.25,4.25,0,5.25],"texture":"#0"},"east":{"uv":[0,0,0,1],"texture":"#0"},"south":{"uv":[1.25,4.25,0,5.25],"texture":"#0"},"west":{"uv":[0,0,0,1],"texture":"#0"},"up":{"uv":[0,0,1.25,0],"texture":"#0"},"down":{"uv":[0,0,1.25,0],"texture":"#0"}}},{"from":[10,6.5,7.5],"to":[13,10.5,7.5],"rotation":{"angle":22.5,"axis":"y","origin":[10,8.5,7.5]},"faces":{"north":{"uv":[3.75,4.25,3,5.25],"texture":"#0"},"east":{"uv":[0,0,0,1],"texture":"#0"},"south":{"uv":[4.5,4.25,3.75,5.25],"texture":"#0"},"west":{"uv":[0,0,0,1],"texture":"#0"},"up":{"uv":[0,0,0.75,0],"texture":"#0"},"down":{"uv":[0,0,0.75,0],"texture":"#0"}}},{"from":[10,1.5,7.5],"to":[13,5.5,7.5],"rotation":{"angle":22.5,"axis":"y","origin":[10,3.5,7.5]},"faces":{"north":{"uv":[3.75,4.25,3,5.25],"texture":"#0"},"east":{"uv":[0,0,0,1],"texture":"#0"},"south":{"uv":[4.5,4.25,3.75,5.25],"texture":"#0"},"west":{"uv":[0,0,0,1],"texture":"#0"},"up":{"uv":[0,0,0.75,0],"texture":"#0"},"down":{"uv":[0,0,0.75,0],"texture":"#0"}}},{"from":[13.15432,1.5,6.42807],"to":[18.15432,5.5,6.42807],"rotation":{"angle":-22.5,"axis":"y","origin":[13.15432,3.5,5.42807]},"faces":{"north":{"uv":[1.25,4.25,0,5.25],"texture":"#0"},"east":{"uv":[0,0,0,1],"texture":"#0"},"south":{"uv":[1.25,4.25,0,5.25],"texture":"#0"},"west":{"uv":[0,0,0,1],"texture":"#0"},"up":{"uv":[0,0,1.25,0],"texture":"#0"},"down":{"uv":[0,0,1.25,0],"texture":"#0"}}}],"gui_light":"front","display":{"thirdperson_righthand":{"rotation":[0,-90,0],"translation":[2.25,-3,4.25]},"thirdperson_lefthand":{"rotation":[0,-90,0],"translation":[2,-3.25,4]},"firstperson_righthand":{"rotation":[0,-24,0],"translation":[-1,-2.25,0]},"firstperson_lefthand":{"rotation":[0,-30,0],"translation":[0.5,-1.75,0]},"ground":{"translation":[0,4.25,0],"scale":[0.51367,0.51367,0.51367]},"gui":{"rotation":[-177.12,28.3,178.64],"translation":[0,-0.25,0],"scale":[0.57422,0.57422,0.57422]}}}
