{"credit":"Made by Wulfy","texture_size":[32,32],"textures":{"0":"fatalmc:item/summer_v2/summertime_crown","particle":"fatalmc:item/summer_v2/summertime_crown"},"elements":[{"from":[3,6,3],"to":[13,7,11],"rotation":{"angle":0,"axis":"y","origin":[7,-1,6]},"faces":{"north":{"uv":[9,8.5,14,9],"texture":"#0"},"east":{"uv":[10,0.5,14,1],"texture":"#0"},"south":{"uv":[9,9,14,9.5],"texture":"#0"},"west":{"uv":[10,1,14,1.5],"texture":"#0"},"up":{"uv":[5,4,0,0],"texture":"#0"},"down":{"uv":[5,4,0,8],"texture":"#0"}}},{"from":[5,10,4],"to":[11,15,8],"rotation":{"angle":0,"axis":"y","origin":[7,3,7]},"faces":{"north":{"uv":[5,4,8,6.5],"texture":"#0"},"east":{"uv":[3,8,5,10.5],"texture":"#0"},"south":{"uv":[5,6.5,8,9],"texture":"#0"},"west":{"uv":[8,6,10,8.5],"texture":"#0"},"up":{"uv":[3,10,0,8],"texture":"#0"},"down":{"uv":[11,4,8,6],"texture":"#0"}}},{"from":[3,5,3],"to":[13,6,7],"rotation":{"angle":0,"axis":"y","origin":[7,-2,6]},"faces":{"north":{"uv":[9,9.5,14,10],"texture":"#0"},"east":{"uv":[10,1.5,12,2],"texture":"#0"},"south":{"uv":[10,0,15,0.5],"texture":"#0"},"west":{"uv":[10,2,12,2.5],"texture":"#0"},"up":{"uv":[10,2,5,0],"texture":"#0"},"down":{"uv":[10,2,5,4],"texture":"#0"}}},{"from":[7,4,2],"to":[9,10,3],"rotation":{"angle":0,"axis":"y","origin":[7,-1,5]},"faces":{"north":{"uv":[8,8.5,9,11.5],"texture":"#0"},"east":{"uv":[2,10,2.5,13],"texture":"#0"},"south":{"uv":[5,9,6,12],"texture":"#0"},"west":{"uv":[2.5,10,3,13],"texture":"#0"},"up":{"uv":[11,3,10,2.5],"texture":"#0"},"down":{"uv":[11,3,10,3.5],"texture":"#0"}}},{"from":[5,4,2],"to":[7,8,3],"rotation":{"angle":22.5,"axis":"z","origin":[5,4,5]},"faces":{"north":{"uv":[6,9,7,11],"texture":"#0"},"east":{"uv":[10,6,10.5,8],"texture":"#0"},"south":{"uv":[7,9,8,11],"texture":"#0"},"west":{"uv":[9,10,9.5,12],"texture":"#0"},"up":{"uv":[11,4,10,3.5],"texture":"#0"},"down":{"uv":[11,8,10,8.5],"texture":"#0"}}},{"from":[9,4,2],"to":[11,8,3],"rotation":{"angle":-22.5,"axis":"z","origin":[11,4,5]},"faces":{"north":{"uv":[0,10,1,12],"texture":"#0"},"east":{"uv":[9.5,10,10,12],"texture":"#0"},"south":{"uv":[1,10,2,12],"texture":"#0"},"west":{"uv":[10,10,10.5,12],"texture":"#0"},"up":{"uv":[4,11,3,10.5],"texture":"#0"},"down":{"uv":[5,10.5,4,11],"texture":"#0"}}}],"gui_light":"front","display":{"thirdperson_righthand":{"translation":[0,0.75,0],"scale":[0.63867,0.63867,0.63867]},"thirdperson_lefthand":{"translation":[0,0.75,0],"scale":[0.63867,0.63867,0.63867]},"firstperson_righthand":{"translation":[3,0,0]},"firstperson_lefthand":{"translation":[3,0,0]},"gui":{"rotation":[-167.3,-15.31,167.88],"translation":[-1,0,0]},"head":{"translation":[0,6.5,0],"scale":[1.5,1.5,1.5]}}}
