{"credit":"Made by Wulfy","texture_size":[32,32],"textures":{"0":"fatalmc:item/summer_v2/umbrella_sword","particle":"fatalmc:item/summer_v2/umbrella_sword"},"elements":[{"from":[8,-1,7.29289],"to":[9,6,8.29289],"rotation":{"angle":-45,"axis":"y","origin":[8,0,7.29289]},"faces":{"north":{"uv":[5.5,1.5,6,5],"texture":"#0"},"east":{"uv":[5,5.5,5.5,9],"texture":"#0"},"south":{"uv":[5.5,5,6,8.5],"texture":"#0"},"west":{"uv":[6,1.5,6.5,5],"texture":"#0"},"up":{"uv":[1.5,8,1,7.5],"texture":"#0"},"down":{"uv":[4.5,7.5,4,8],"texture":"#0"}}},{"from":[7,-2,7],"to":[9,-1,9],"rotation":{"angle":0,"axis":"y","origin":[7,-2,7]},"faces":{"north":{"uv":[0,7.5,1,8],"texture":"#0"},"east":{"uv":[7.5,1,8.5,1.5],"texture":"#0"},"south":{"uv":[7.5,1.5,8.5,2],"texture":"#0"},"west":{"uv":[7.5,2,8.5,2.5],"texture":"#0"},"up":{"uv":[7.5,2,6.5,1],"texture":"#0"},"down":{"uv":[7.5,2,6.5,3],"texture":"#0"}}},{"from":[7,-5,8],"to":[9,-2,8],"rotation":{"angle":0,"axis":"y","origin":[7,-3,7]},"faces":{"north":{"uv":[3,6,4,7.5],"texture":"#0"},"east":{"uv":[0,0,0,1.5],"texture":"#0"},"south":{"uv":[4,6,5,7.5],"texture":"#0"},"west":{"uv":[0,0,0,1.5],"texture":"#0"},"up":{"uv":[1,0,0,0],"texture":"#0"},"down":{"uv":[1,0,0,0],"texture":"#0"}}},{"from":[7,11,7],"to":[9,17,9],"rotation":{"angle":0,"axis":"y","origin":[7,15,7]},"faces":{"north":{"uv":[3,0,4,3],"texture":"#0"},"east":{"uv":[3,3,4,6],"texture":"#0"},"south":{"uv":[4,0,5,3],"texture":"#0"},"west":{"uv":[4,3,5,6],"texture":"#0"},"up":{"uv":[7.5,4,6.5,3],"texture":"#0"},"down":{"uv":[7.5,4,6.5,5],"texture":"#0"}}},{"from":[7,22,7],"to":[9,23,9],"rotation":{"angle":0,"axis":"y","origin":[7,15,7]},"faces":{"north":{"uv":[7.5,2.5,8.5,3],"texture":"#0"},"east":{"uv":[3,7.5,4,8],"texture":"#0"},"south":{"uv":[7.5,3,8.5,3.5],"texture":"#0"},"west":{"uv":[7.5,3.5,8.5,4],"texture":"#0"},"up":{"uv":[7,8,6,7],"texture":"#0"},"down":{"uv":[8,7,7,8],"texture":"#0"}}},{"from":[7.5,17,7.5],"to":[8.5,25,8.5],"rotation":{"angle":0,"axis":"y","origin":[6.5,20,7.5]},"faces":{"north":{"uv":[1.5,5,2,9],"texture":"#0"},"east":{"uv":[5,1.5,5.5,5.5],"texture":"#0"},"south":{"uv":[2,5,2.5,9],"texture":"#0"},"west":{"uv":[2.5,5,3,9],"texture":"#0"},"up":{"uv":[8,4.5,7.5,4],"texture":"#0"},"down":{"uv":[5,7.5,4.5,8],"texture":"#0"}}},{"from":[6.5,6,6.5],"to":[9.5,11,9.5],"rotation":{"angle":0,"axis":"y","origin":[7.5,11,6.5]},"faces":{"north":{"uv":[0,0,1.5,2.5],"texture":"#0"},"east":{"uv":[1.5,0,3,2.5],"texture":"#0"},"south":{"uv":[0,2.5,1.5,5],"texture":"#0"},"west":{"uv":[1.5,2.5,3,5],"texture":"#0"},"up":{"uv":[1.5,6.5,0,5],"texture":"#0"},"down":{"uv":[6.5,0,5,1.5],"texture":"#0"}}},{"from":[6.5,4,6.5],"to":[9.5,6,6.5],"rotation":{"angle":22.5,"axis":"x","origin":[7.5,6,6.5]},"faces":{"north":{"uv":[6,5,7.5,6],"texture":"#0"},"east":{"uv":[0,0,0,1],"texture":"#0"},"south":{"uv":[7.5,5,6,6],"texture":"#0"},"west":{"uv":[0,0,0,1],"texture":"#0"},"up":{"uv":[1.5,0,0,0],"texture":"#0"},"down":{"uv":[1.5,0,0,0],"texture":"#0"}}},{"from":[6.5,4,9.5],"to":[9.5,6,9.5],"rotation":{"angle":-22.5,"axis":"x","origin":[7.5,6,9.5]},"faces":{"north":{"uv":[6,5,7.5,6],"texture":"#0"},"east":{"uv":[0,0,0,1],"texture":"#0"},"south":{"uv":[7.5,5,6,6],"texture":"#0"},"west":{"uv":[0,0,0,1],"texture":"#0"},"up":{"uv":[1.5,0,0,0],"texture":"#0"},"down":{"uv":[1.5,0,0,0],"texture":"#0"}}},{"from":[6.5,4,6.5],"to":[6.5,6,9.5],"rotation":{"angle":-22.5,"axis":"z","origin":[6.5,6,6.5]},"faces":{"north":{"uv":[0,0,0,1],"texture":"#0"},"east":{"uv":[8,0,6.5,1],"texture":"#0"},"south":{"uv":[0,0,0,1],"texture":"#0"},"west":{"uv":[6.5,0,8,1],"texture":"#0"},"up":{"uv":[0,1.5,0,0],"texture":"#0"},"down":{"uv":[0,0,0,1.5],"texture":"#0"}}},{"from":[9.5,4,6.5],"to":[9.5,6,9.5],"rotation":{"angle":22.5,"axis":"z","origin":[9.5,6,6.5]},"faces":{"north":{"uv":[0,0,0,1],"texture":"#0"},"east":{"uv":[8,0,6.5,1],"texture":"#0"},"south":{"uv":[0,0,0,1],"texture":"#0"},"west":{"uv":[6.5,0,8,1],"texture":"#0"},"up":{"uv":[0,1.5,0,0],"texture":"#0"},"down":{"uv":[0,0,0,1.5],"texture":"#0"}}}],"gui_light":"front","display":{"thirdperson_righthand":{"rotation":[-4,-35,0],"translation":[0,4.5,1]},"thirdperson_lefthand":{"rotation":[0,21,0],"translation":[0,4.25,1.5]},"firstperson_righthand":{"rotation":[-21,-37,0],"translation":[2,3.75,-1]},"firstperson_lefthand":{"rotation":[-30,28,0],"translation":[0,4.75,0]},"ground":{"translation":[0,10.75,0]},"gui":{"rotation":[0,0,44.25],"translation":[0.75,-0.5,0],"scale":[0.61328,0.61328,0.61328]}}}
