{
    "providers":[
		{"type":"bitmap","file":"fatalmc:prefixes/other/crate.png","ascent":7,"height":7,"chars":["\uE000"]},
		{"type":"bitmap","file":"fatalmc:prefixes/other/leaderboard.png","ascent":7,"height":7,"chars":["\uE001"]},
		{"type":"bitmap","file":"fatalmc:prefixes/other/npc.png","ascent":7,"height":7,"chars":["\uE002"]},
		{"type":"bitmap","file":"fatalmc:prefixes/other/staffchat.png","ascent":7,"height":7,"chars":["\uE003"]},
		{"type":"bitmap","file":"fatalmc:prefixes/ranks/player/hero.png","ascent":7,"height":7,"chars":["\uE004"]},
		{"type":"bitmap","file":"fatalmc:prefixes/ranks/player/lord.png","ascent":7,"height":7,"chars":["\uE005"]},
		{"type":"bitmap","file":"fatalmc:prefixes/ranks/player/media.png","ascent":7,"height":7,"chars":["\uE006"]},
		{"type":"bitmap","file":"fatalmc:prefixes/ranks/player/member.png","ascent":7,"height":7,"chars":["\uE007"]},
		{"type":"bitmap","file":"fatalmc:prefixes/ranks/player/noble.png","ascent":7,"height":7,"chars":["\uE008"]},
		{"type":"bitmap","file":"fatalmc:prefixes/ranks/player/patron.png","ascent":7,"height":7,"chars":["\uE009"]},
		{"type":"bitmap","file":"fatalmc:prefixes/ranks/player/regent.png","ascent":7,"height":7,"chars":["\uE010"]},
		{"type":"bitmap","file":"fatalmc:prefixes/ranks/staff/admin.png","ascent":7,"height":7,"chars":["\uE011"]},
		{"type":"bitmap","file":"fatalmc:prefixes/ranks/staff/helper.png","ascent":7,"height":7,"chars":["\uE012"]},
		{"type":"bitmap","file":"fatalmc:prefixes/ranks/staff/manager.png","ascent":7,"height":7,"chars":["\uE013"]},
		{"type":"bitmap","file":"fatalmc:prefixes/ranks/staff/mod.png","ascent":7,"height":7,"chars":["\uE014"]},
		{"type":"bitmap","file":"fatalmc:prefixes/ranks/staff/owner.png","ascent":7,"height":7,"chars":["\uE015"]},
		{"type":"bitmap","file":"fatalmc:prefixes/ranks/staff/sradmin.png","ascent":7,"height":7,"chars":["\uE016"]},
		{"type":"bitmap","file":"fatalmc:prefixes/ranks/staff/srmod.png","ascent":7,"height":7,"chars":["\uE017"]},
		{"type":"bitmap","file":"fatalmc:prefixes/ranks/staff/trialmod.png","ascent":7,"height":7,"chars":["\uE018"]},
		{"type":"bitmap","file":"fatalmc:other/logo.png","ascent":20,"height":40,"chars":["\uE019"]}
    ]
}