{
	"credit": "Made by PolygonMC",
	"texture_size": [
		12,
		12
	],
	"textures": {
		"1": "fatalmc:item/summer/animations/spin_animations",
		"3": "fatalmc:item/summer/animations/bubble_1",
		"4": "fatalmc:item/summer/fishing_rod_cast",
		"7": "fatalmc:item/summer/weapons_theme_2",
		"particle": "fatalmc:item/summer/animations/bubble_1"
	},
	"elements": [
		{
			"from": [
				7.385,
				-2.13438,
				7.77267
			],
			"to": [
				8.615,
				-0.90438,
				9.00267
			],
			"rotation": {
				"angle": -45,
				"axis": "x",
				"origin": [
					8,
					-1.9,
					8
				]
			},
			"faces": {
				"north": {
					"uv": [
						4,
						7.33333,
						4.83333,
						8.16667
					],
					"texture": "#7"
				},
				"east": {
					"uv": [
						7.33333,
						4,
						8.16667,
						4.83333
					],
					"texture": "#7"
				},
				"south": {
					"uv": [
						7.33333,
						5.33333,
						8.16667,
						6.16667
					],
					"texture": "#7"
				},
				"west": {
					"uv": [
						7.33333,
						6.66667,
						8.16667,
						7.5
					],
					"texture": "#7"
				},
				"up": {
					"uv": [
						0.83333,
						8.83333,
						0,
						8
					],
					"texture": "#7"
				},
				"down": {
					"uv": [
						8.83333,
						0,
						8,
						0.83333
					],
					"texture": "#7"
				}
			}
		},
		{
			"from": [
				7.135,
				-1.88438,
				8.02267
			],
			"to": [
				8.865,
				-1.15438,
				8.75267
			],
			"rotation": {
				"angle": -45,
				"axis": "x",
				"origin": [
					8,
					-1.9,
					8
				]
			},
			"faces": {
				"north": {
					"uv": [
						10.66667,
						10,
						11.83333,
						10.5
					],
					"texture": "#7"
				},
				"east": {
					"uv": [
						12.66667,
						2.66667,
						13.16667,
						3.16667
					],
					"texture": "#7"
				},
				"south": {
					"uv": [
						10.66667,
						10.66667,
						11.83333,
						11.16667
					],
					"texture": "#7"
				},
				"west": {
					"uv": [
						12.66667,
						3.33333,
						13.16667,
						3.83333
					],
					"texture": "#7"
				},
				"up": {
					"uv": [
						3.83333,
						11.83333,
						2.66667,
						11.33333
					],
					"texture": "#7"
				},
				"down": {
					"uv": [
						5.16667,
						11.33333,
						4,
						11.83333
					],
					"texture": "#7"
				}
			}
		},
		{
			"from": [
				7.385,
				15.40438,
				7.77267
			],
			"to": [
				8.615,
				16.63438,
				9.00267
			],
			"rotation": {
				"angle": 45,
				"axis": "x",
				"origin": [
					8,
					16.4,
					8
				]
			},
			"faces": {
				"north": {
					"uv": [
						10,
						8,
						10.83333,
						8.83333
					],
					"texture": "#7"
				},
				"east": {
					"uv": [
						0,
						10.66667,
						0.83333,
						11.5
					],
					"texture": "#7"
				},
				"south": {
					"uv": [
						10.66667,
						0,
						11.5,
						0.83333
					],
					"texture": "#7"
				},
				"west": {
					"uv": [
						1.33333,
						10.66667,
						2.16667,
						11.5
					],
					"texture": "#7"
				},
				"up": {
					"uv": [
						11.5,
						2.16667,
						10.66667,
						1.33333
					],
					"texture": "#7"
				},
				"down": {
					"uv": [
						11.5,
						2.66667,
						10.66667,
						3.5
					],
					"texture": "#7"
				}
			}
		},
		{
			"from": [
				7.135,
				15.65438,
				8.02267
			],
			"to": [
				8.865,
				16.38438,
				8.75267
			],
			"rotation": {
				"angle": 45,
				"axis": "x",
				"origin": [
					8,
					16.4,
					8
				]
			},
			"faces": {
				"north": {
					"uv": [
						11.33333,
						4,
						12.5,
						4.5
					],
					"texture": "#7"
				},
				"east": {
					"uv": [
						12.66667,
						5.33333,
						13.16667,
						5.83333
					],
					"texture": "#7"
				},
				"south": {
					"uv": [
						11.33333,
						4.66667,
						12.5,
						5.16667
					],
					"texture": "#7"
				},
				"west": {
					"uv": [
						6,
						12.66667,
						6.5,
						13.16667
					],
					"texture": "#7"
				},
				"up": {
					"uv": [
						12.5,
						5.83333,
						11.33333,
						5.33333
					],
					"texture": "#7"
				},
				"down": {
					"uv": [
						12.5,
						6,
						11.33333,
						6.5
					],
					"texture": "#7"
				}
			}
		},
		{
			"from": [
				7.35,
				0.7,
				7.35
			],
			"to": [
				8.65,
				1.2,
				8.65
			],
			"rotation": {
				"angle": 0,
				"axis": "y",
				"origin": [
					7.5,
					-0.05,
					11.5
				]
			},
			"faces": {
				"north": {
					"uv": [
						12,
						8,
						12.83333,
						8.33333
					],
					"texture": "#7"
				},
				"east": {
					"uv": [
						8.66667,
						12,
						9.5,
						12.33333
					],
					"texture": "#7"
				},
				"south": {
					"uv": [
						12,
						8.66667,
						12.83333,
						9
					],
					"texture": "#7"
				},
				"west": {
					"uv": [
						12,
						9.33333,
						12.83333,
						9.66667
					],
					"texture": "#7"
				},
				"up": {
					"uv": [
						2.16667,
						8.83333,
						1.33333,
						8
					],
					"texture": "#7"
				},
				"down": {
					"uv": [
						8.83333,
						1.33333,
						8,
						2.16667
					],
					"texture": "#7"
				}
			}
		},
		{
			"from": [
				7.35,
				3.2,
				7.35
			],
			"to": [
				8.65,
				3.7,
				8.65
			],
			"rotation": {
				"angle": 0,
				"axis": "y",
				"origin": [
					7.5,
					2.45,
					11.5
				]
			},
			"faces": {
				"north": {
					"uv": [
						10,
						12,
						10.83333,
						12.33333
					],
					"texture": "#7"
				},
				"east": {
					"uv": [
						12,
						10,
						12.83333,
						10.33333
					],
					"texture": "#7"
				},
				"south": {
					"uv": [
						12,
						10.66667,
						12.83333,
						11
					],
					"texture": "#7"
				},
				"west": {
					"uv": [
						11.33333,
						12,
						12.16667,
						12.33333
					],
					"texture": "#7"
				},
				"up": {
					"uv": [
						10.16667,
						10.16667,
						9.33333,
						9.33333
					],
					"texture": "#7"
				},
				"down": {
					"uv": [
						3.5,
						10,
						2.66667,
						10.83333
					],
					"texture": "#7"
				}
			}
		},
		{
			"from": [
				7.4975,
				1.2,
				7.5
			],
			"to": [
				8.5025,
				3.2,
				8.5
			],
			"rotation": {
				"angle": 0,
				"axis": "y",
				"origin": [
					7.4975,
					1.2,
					7.5
				]
			},
			"faces": {
				"north": {
					"uv": [
						4,
						2.66667,
						4.66667,
						4
					],
					"texture": "#7"
				},
				"east": {
					"uv": [
						4,
						4,
						4.66667,
						5.33333
					],
					"texture": "#7"
				},
				"south": {
					"uv": [
						4.66667,
						2.66667,
						5.33333,
						4
					],
					"texture": "#7"
				},
				"west": {
					"uv": [
						4.66667,
						4,
						5.33333,
						5.33333
					],
					"texture": "#7"
				},
				"down": {
					"uv": [
						12,
						8,
						11.33333,
						8.66667
					],
					"texture": "#7"
				}
			}
		},
		{
			"from": [
				7.4975,
				-1.3,
				7.5
			],
			"to": [
				8.5025,
				0.7,
				8.5
			],
			"rotation": {
				"angle": 0,
				"axis": "y",
				"origin": [
					8,
					-0.3,
					8
				]
			},
			"faces": {
				"north": {
					"uv": [
						5.33333,
						0,
						6,
						1.33333
					],
					"texture": "#7"
				},
				"east": {
					"uv": [
						5.33333,
						1.33333,
						6,
						2.66667
					],
					"texture": "#7"
				},
				"south": {
					"uv": [
						2.66667,
						5.33333,
						3.33333,
						6.66667
					],
					"texture": "#7"
				},
				"west": {
					"uv": [
						5.33333,
						2.66667,
						6,
						4
					],
					"texture": "#7"
				},
				"up": {
					"uv": [
						9.33333,
						12,
						8.66667,
						11.33333
					],
					"texture": "#7"
				}
			}
		},
		{
			"from": [
				7.35,
				10.95,
				7.35
			],
			"to": [
				8.65,
				11.45,
				8.65
			],
			"rotation": {
				"angle": 0,
				"axis": "y",
				"origin": [
					8,
					13.075,
					8
				]
			},
			"faces": {
				"north": {
					"uv": [
						1.33333,
						12.66667,
						2.16667,
						13
					],
					"texture": "#7"
				},
				"east": {
					"uv": [
						12.66667,
						1.33333,
						13.5,
						1.66667
					],
					"texture": "#7"
				},
				"south": {
					"uv": [
						12.66667,
						2,
						13.5,
						2.33333
					],
					"texture": "#7"
				},
				"west": {
					"uv": [
						2.66667,
						12.66667,
						3.5,
						13
					],
					"texture": "#7"
				},
				"up": {
					"uv": [
						10.83333,
						6.16667,
						10,
						5.33333
					],
					"texture": "#7"
				},
				"down": {
					"uv": [
						10.83333,
						6.66667,
						10,
						7.5
					],
					"texture": "#7"
				}
			}
		},
		{
			"from": [
				7.4975,
				11.45,
				7.5
			],
			"to": [
				8.5025,
				13.45,
				8.5
			],
			"rotation": {
				"angle": 0,
				"axis": "y",
				"origin": [
					8,
					13.075,
					8
				]
			},
			"faces": {
				"north": {
					"uv": [
						5.33333,
						5.33333,
						6,
						6.66667
					],
					"texture": "#7"
				},
				"east": {
					"uv": [
						6,
						0,
						6.66667,
						1.33333
					],
					"texture": "#7"
				},
				"south": {
					"uv": [
						6,
						1.33333,
						6.66667,
						2.66667
					],
					"texture": "#7"
				},
				"west": {
					"uv": [
						6,
						2.66667,
						6.66667,
						4
					],
					"texture": "#7"
				},
				"up": {
					"uv": [
						6.66667,
						12.66667,
						6,
						12
					],
					"texture": "#7"
				}
			}
		},
		{
			"from": [
				7.35,
				13.45,
				7.35
			],
			"to": [
				8.65,
				13.95,
				8.65
			],
			"rotation": {
				"angle": 0,
				"axis": "y",
				"origin": [
					8,
					13.075,
					8
				]
			},
			"faces": {
				"north": {
					"uv": [
						12,
						11.33333,
						12.83333,
						11.66667
					],
					"texture": "#7"
				},
				"east": {
					"uv": [
						0,
						12.66667,
						0.83333,
						13
					],
					"texture": "#7"
				},
				"south": {
					"uv": [
						12.66667,
						0,
						13.5,
						0.33333
					],
					"texture": "#7"
				},
				"west": {
					"uv": [
						12.66667,
						0.66667,
						13.5,
						1
					],
					"texture": "#7"
				},
				"up": {
					"uv": [
						4.83333,
						10.83333,
						4,
						10
					],
					"texture": "#7"
				},
				"down": {
					"uv": [
						10.83333,
						4,
						10,
						4.83333
					],
					"texture": "#7"
				}
			}
		},
		{
			"from": [
				7.4975,
				13.95,
				7.5
			],
			"to": [
				8.5025,
				15.95,
				8.5
			],
			"rotation": {
				"angle": 0,
				"axis": "y",
				"origin": [
					8,
					13.075,
					8
				]
			},
			"faces": {
				"north": {
					"uv": [
						3.33333,
						5.33333,
						4,
						6.66667
					],
					"texture": "#7"
				},
				"east": {
					"uv": [
						4,
						5.33333,
						4.66667,
						6.66667
					],
					"texture": "#7"
				},
				"south": {
					"uv": [
						5.33333,
						4,
						6,
						5.33333
					],
					"texture": "#7"
				},
				"west": {
					"uv": [
						4.66667,
						5.33333,
						5.33333,
						6.66667
					],
					"texture": "#7"
				},
				"down": {
					"uv": [
						6,
						12,
						5.33333,
						12.66667
					],
					"texture": "#7"
				}
			}
		},
		{
			"from": [
				7.985,
				-3.28062,
				6.61233
			],
			"to": [
				8.015,
				-1.28062,
				8.61233
			],
			"rotation": {
				"angle": -45,
				"axis": "x",
				"origin": [
					8,
					-1.9,
					8
				]
			},
			"faces": {
				"east": {
					"uv": [
						4,
						0,
						2.66667,
						1.33333
					],
					"texture": "#7"
				},
				"west": {
					"uv": [
						2.66667,
						0,
						4,
						1.33333
					],
					"texture": "#7"
				}
			}
		},
		{
			"from": [
				7.86,
				6.05,
				8.3
			],
			"to": [
				7.89,
				8.05,
				10.3
			],
			"rotation": {
				"angle": 45,
				"axis": "x",
				"origin": [
					7.76,
					6.05,
					8.3
				]
			},
			"faces": {
				"east": {
					"uv": [
						4,
						1.33333,
						2.66667,
						2.66667
					],
					"texture": "#7"
				},
				"west": {
					"uv": [
						2.66667,
						1.33333,
						4,
						2.66667
					],
					"texture": "#7"
				}
			}
		},
		{
			"from": [
				8.11,
				6.05,
				8.3
			],
			"to": [
				8.14,
				8.05,
				10.3
			],
			"rotation": {
				"angle": 22.5,
				"axis": "x",
				"origin": [
					8.01,
					6.05,
					8.3
				]
			},
			"faces": {
				"east": {
					"uv": [
						4,
						1.33333,
						2.66667,
						2.66667
					],
					"texture": "#7"
				},
				"west": {
					"uv": [
						2.66667,
						1.33333,
						4,
						2.66667
					],
					"texture": "#7"
				}
			}
		},
		{
			"from": [
				7.025,
				11.04385,
				8.23083
			],
			"to": [
				7.525,
				14.54385,
				8.73083
			],
			"rotation": {
				"angle": 22.5,
				"axis": "x",
				"origin": [
					7.65,
					12.69205,
					8.67179
				]
			},
			"faces": {
				"north": {
					"uv": [
						6.66667,
						6.66667,
						7,
						9
					],
					"texture": "#7"
				},
				"east": {
					"uv": [
						7.33333,
						0,
						7.66667,
						2.33333
					],
					"texture": "#7"
				},
				"south": {
					"uv": [
						2.66667,
						7.33333,
						3,
						9.66667
					],
					"texture": "#7"
				},
				"west": {
					"uv": [
						3.33333,
						7.33333,
						3.66667,
						9.66667
					],
					"texture": "#7"
				},
				"up": {
					"uv": [
						13.66667,
						7,
						13.33333,
						6.66667
					],
					"texture": "#7"
				},
				"down": {
					"uv": [
						7.66667,
						13.33333,
						7.33333,
						13.66667
					],
					"texture": "#7"
				}
			}
		},
		{
			"from": [
				6.6725,
				14.17347,
				8.90152
			],
			"to": [
				7.5275,
				14.77847,
				9.50652
			],
			"rotation": {
				"angle": -22.5,
				"axis": "x",
				"origin": [
					7.275,
					14.47597,
					9.20402
				]
			},
			"faces": {
				"north": {
					"uv": [
						13.33333,
						4,
						13.83333,
						4.33333
					],
					"texture": "#7"
				},
				"east": {
					"uv": [
						13.33333,
						7.33333,
						13.66667,
						7.66667
					],
					"texture": "#7"
				},
				"south": {
					"uv": [
						4.66667,
						13.33333,
						5.16667,
						13.66667
					],
					"texture": "#7"
				},
				"west": {
					"uv": [
						8,
						13.33333,
						8.33333,
						13.66667
					],
					"texture": "#7"
				},
				"up": {
					"uv": [
						13.83333,
						5,
						13.33333,
						4.66667
					],
					"texture": "#7"
				},
				"down": {
					"uv": [
						5.83333,
						13.33333,
						5.33333,
						13.66667
					],
					"texture": "#7"
				}
			}
		},
		{
			"from": [
				6.875,
				15.35,
				3.85
			],
			"to": [
				6.905,
				18.6,
				7.1
			],
			"rotation": {
				"angle": 22.5,
				"axis": "x",
				"origin": [
					0.025,
					6.375,
					1.05
				]
			},
			"faces": {
				"east": {
					"uv": [
						13,
						0,
						0,
						13
					],
					"texture": "#1"
				},
				"west": {
					"uv": [
						0,
						0,
						13,
						13
					],
					"texture": "#1"
				}
			}
		},
		{
			"from": [
				7,
				9,
				9
			],
			"to": [
				7.03,
				12,
				11
			],
			"rotation": {
				"angle": 0,
				"axis": "y",
				"origin": [
					7,
					9,
					9
				]
			},
			"faces": {
				"east": {
					"uv": [
						8,
						0,
						0,
						12
					],
					"texture": "#3"
				},
				"west": {
					"uv": [
						0,
						0,
						8,
						12
					],
					"texture": "#3"
				},
				"down": {
					"uv": [
						0,
						0,
						0,
						8
					],
					"texture": "#3"
				}
			}
		},
		{
			"from": [
				9,
				11.5,
				6
			],
			"to": [
				9.03,
				14.5,
				8
			],
			"rotation": {
				"angle": 0,
				"axis": "y",
				"origin": [
					9,
					11.5,
					8
				]
			},
			"faces": {
				"east": {
					"uv": [
						0,
						0,
						8,
						12
					],
					"texture": "#3"
				},
				"west": {
					"uv": [
						8,
						0,
						0,
						12
					],
					"texture": "#3"
				},
				"down": {
					"uv": [
						0,
						8,
						0,
						0
					],
					"texture": "#3"
				}
			}
		},
		{
			"from": [
				7.25,
				4.25,
				6.58579
			],
			"to": [
				8.75,
				6.25,
				8.58579
			],
			"rotation": {
				"angle": 45,
				"axis": "x",
				"origin": [
					7.5,
					4.25,
					6.58579
				]
			},
			"faces": {
				"north": {
					"uv": [
						6,
						4,
						6.66667,
						5.33333
					],
					"texture": "#7"
				},
				"east": {
					"uv": [
						2.66667,
						2.66667,
						4,
						4
					],
					"texture": "#7"
				},
				"south": {
					"uv": [
						6,
						5.33333,
						6.66667,
						6.66667
					],
					"texture": "#7"
				},
				"west": {
					"uv": [
						4,
						0,
						5.33333,
						1.33333
					],
					"texture": "#7"
				},
				"up": {
					"uv": [
						7.33333,
						1.33333,
						6.66667,
						0
					],
					"texture": "#7"
				},
				"down": {
					"uv": [
						7.33333,
						1.33333,
						6.66667,
						2.66667
					],
					"texture": "#7"
				}
			}
		},
		{
			"from": [
				8.385,
				14.4,
				7.985
			],
			"to": [
				9.635,
				15.65,
				8.015
			],
			"rotation": {
				"angle": -22.5,
				"axis": "z",
				"origin": [
					8.385,
					14.4,
					8.115
				]
			},
			"faces": {
				"north": {
					"uv": [
						6.16667,
						10.66667,
						5.33333,
						11.5
					],
					"texture": "#7"
				},
				"south": {
					"uv": [
						5.33333,
						10.66667,
						6.16667,
						11.5
					],
					"texture": "#7"
				}
			}
		},
		{
			"from": [
				7,
				8.40163,
				8.5983
			],
			"to": [
				9,
				10.40163,
				9.5983
			],
			"rotation": {
				"angle": 0,
				"axis": "y",
				"origin": [
					8,
					9.96413,
					9.08162
				]
			},
			"faces": {
				"north": {
					"uv": [
						4,
						4,
						2.66667,
						5.33333
					],
					"rotation": 180,
					"texture": "#7"
				},
				"east": {
					"uv": [
						6.66667,
						2.66667,
						8,
						3.33333
					],
					"rotation": 270,
					"texture": "#7"
				},
				"south": {
					"uv": [
						5.33333,
						2.66667,
						4,
						1.33333
					],
					"texture": "#7"
				},
				"west": {
					"uv": [
						4,
						6.66667,
						5.33333,
						7.33333
					],
					"rotation": 90,
					"texture": "#7"
				},
				"up": {
					"uv": [
						2.66667,
						6.66667,
						4,
						7.33333
					],
					"rotation": 180,
					"texture": "#7"
				},
				"down": {
					"uv": [
						6.66667,
						3.33333,
						8,
						4
					],
					"texture": "#7"
				}
			}
		},
		{
			"from": [
				8.84786,
				8.40163,
				8.1721
			],
			"to": [
				8.87786,
				10.40163,
				8.9221
			],
			"rotation": {
				"angle": 22.5,
				"axis": "y",
				"origin": [
					8,
					9.96413,
					9.08162
				]
			},
			"faces": {
				"east": {
					"uv": [
						6.66667,
						10.66667,
						8,
						11.16667
					],
					"rotation": 270,
					"texture": "#7"
				},
				"west": {
					"uv": [
						8,
						10.66667,
						9.33333,
						11.16667
					],
					"rotation": 90,
					"texture": "#7"
				}
			}
		},
		{
			"from": [
				7.12213,
				8.40163,
				8.17209
			],
			"to": [
				7.15213,
				10.40163,
				8.92209
			],
			"rotation": {
				"angle": -22.5,
				"axis": "y",
				"origin": [
					8,
					9.96413,
					9.08162
				]
			},
			"faces": {
				"east": {
					"uv": [
						9.33333,
						10.66667,
						10.66667,
						11.16667
					],
					"rotation": 270,
					"texture": "#7"
				},
				"west": {
					"uv": [
						10.66667,
						9.33333,
						12,
						9.83333
					],
					"rotation": 90,
					"texture": "#7"
				}
			}
		},
		{
			"from": [
				7,
				10.37163,
				9.5983
			],
			"to": [
				9,
				10.40163,
				9.8483
			],
			"rotation": {
				"angle": 0,
				"axis": "y",
				"origin": [
					8,
					9.96413,
					9.08162
				]
			},
			"faces": {
				"up": {
					"uv": [
						3.33333,
						13.33333,
						4.66667,
						13.5
					],
					"rotation": 180,
					"texture": "#7"
				},
				"down": {
					"uv": [
						13.33333,
						3.33333,
						14.66667,
						3.5
					],
					"texture": "#7"
				}
			}
		},
		{
			"from": [
				9,
				10.15163,
				8.7483
			],
			"to": [
				9.75,
				10.90163,
				9.4983
			],
			"rotation": {
				"angle": 0,
				"axis": "y",
				"origin": [
					8,
					9.96413,
					9.08162
				]
			},
			"faces": {
				"north": {
					"uv": [
						8.5,
						12.66667,
						8,
						13.16667
					],
					"rotation": 180,
					"texture": "#7"
				},
				"east": {
					"uv": [
						6.66667,
						12.66667,
						7.16667,
						13.16667
					],
					"rotation": 270,
					"texture": "#7"
				},
				"south": {
					"uv": [
						13.16667,
						7.83333,
						12.66667,
						7.33333
					],
					"texture": "#7"
				},
				"west": {
					"uv": [
						7.33333,
						12.66667,
						7.83333,
						13.16667
					],
					"rotation": 90,
					"texture": "#7"
				},
				"up": {
					"uv": [
						12.66667,
						6,
						13.16667,
						6.5
					],
					"rotation": 180,
					"texture": "#7"
				},
				"down": {
					"uv": [
						12.66667,
						6.66667,
						13.16667,
						7.16667
					],
					"texture": "#7"
				}
			}
		},
		{
			"from": [
				6.25,
				10.15163,
				8.7483
			],
			"to": [
				7,
				10.90163,
				9.4983
			],
			"rotation": {
				"angle": 0,
				"axis": "y",
				"origin": [
					8,
					9.96413,
					9.08162
				]
			},
			"faces": {
				"north": {
					"uv": [
						8,
						12.66667,
						8.5,
						13.16667
					],
					"rotation": 180,
					"texture": "#7"
				},
				"east": {
					"uv": [
						7.33333,
						13.16667,
						7.83333,
						12.66667
					],
					"rotation": 90,
					"texture": "#7"
				},
				"south": {
					"uv": [
						12.66667,
						7.83333,
						13.16667,
						7.33333
					],
					"texture": "#7"
				},
				"west": {
					"uv": [
						6.66667,
						13.16667,
						7.16667,
						12.66667
					],
					"rotation": 270,
					"texture": "#7"
				},
				"up": {
					"uv": [
						13.16667,
						6,
						12.66667,
						6.5
					],
					"rotation": 180,
					"texture": "#7"
				},
				"down": {
					"uv": [
						13.16667,
						6.66667,
						12.66667,
						7.16667
					],
					"texture": "#7"
				}
			}
		},
		{
			"from": [
				7.5,
				5,
				7.5
			],
			"to": [
				8.5,
				11,
				8.5
			],
			"rotation": {
				"angle": 0,
				"axis": "y",
				"origin": [
					7.5,
					5,
					7.5
				]
			},
			"faces": {
				"north": {
					"uv": [
						7.66667,
						0,
						9,
						8
					],
					"texture": "#4"
				},
				"east": {
					"uv": [
						9,
						0,
						7.66667,
						8
					],
					"texture": "#4"
				},
				"south": {
					"uv": [
						7.66667,
						0,
						9,
						8
					],
					"texture": "#4"
				},
				"west": {
					"uv": [
						9,
						0,
						7.66667,
						8
					],
					"texture": "#4"
				}
			}
		},
		{
			"from": [
				8.5,
				8.5,
				5.975
			],
			"to": [
				9,
				9,
				7.975
			],
			"rotation": {
				"angle": 0,
				"axis": "y",
				"origin": [
					7,
					8.5,
					5.975
				]
			},
			"faces": {
				"north": {
					"uv": [
						12,
						6.66667,
						12.66667,
						7.33333
					],
					"texture": "#4"
				},
				"east": {
					"uv": [
						6.66667,
						8,
						9.33333,
						8.66667
					],
					"texture": "#4"
				},
				"south": {
					"uv": [
						8,
						12,
						8.66667,
						12.66667
					],
					"texture": "#4"
				},
				"west": {
					"uv": [
						9.33333,
						0,
						12,
						0.66667
					],
					"texture": "#4"
				},
				"up": {
					"uv": [
						10,
						4,
						9.33333,
						1.33333
					],
					"texture": "#4"
				},
				"down": {
					"uv": [
						10,
						4,
						9.33333,
						6.66667
					],
					"texture": "#4"
				}
			}
		},
		{
			"from": [
				7,
				8.5,
				5.975
			],
			"to": [
				7.5,
				9,
				7.975
			],
			"rotation": {
				"angle": 0,
				"axis": "y",
				"origin": [
					5.5,
					8.5,
					5.975
				]
			},
			"faces": {
				"north": {
					"uv": [
						12,
						8,
						12.66667,
						8.66667
					],
					"texture": "#4"
				},
				"east": {
					"uv": [
						6.66667,
						9.33333,
						9.33333,
						10
					],
					"texture": "#4"
				},
				"south": {
					"uv": [
						9.33333,
						12,
						10,
						12.66667
					],
					"texture": "#4"
				},
				"west": {
					"uv": [
						9.33333,
						6.66667,
						12,
						7.33333
					],
					"texture": "#4"
				},
				"up": {
					"uv": [
						10,
						10.66667,
						9.33333,
						8
					],
					"texture": "#4"
				},
				"down": {
					"uv": [
						11.33333,
						1.33333,
						10.66667,
						4
					],
					"texture": "#4"
				}
			}
		},
		{
			"from": [
				7.5,
				8.5,
				7.475
			],
			"to": [
				8.5,
				9,
				7.975
			],
			"rotation": {
				"angle": 0,
				"axis": "y",
				"origin": [
					6.5,
					8.5,
					5.975
				]
			},
			"faces": {
				"north": {
					"uv": [
						10.66667,
						9.33333,
						12,
						10
					],
					"texture": "#4"
				},
				"south": {
					"uv": [
						10.66667,
						10.66667,
						12,
						11.33333
					],
					"texture": "#4"
				},
				"up": {
					"uv": [
						13.33333,
						0.66667,
						12,
						0
					],
					"texture": "#4"
				},
				"down": {
					"uv": [
						13.33333,
						1.33333,
						12,
						2
					],
					"texture": "#4"
				}
			}
		},
		{
			"from": [
				7.5,
				8.5,
				5.975
			],
			"to": [
				8.5,
				9,
				6.475
			],
			"rotation": {
				"angle": 0,
				"axis": "y",
				"origin": [
					6.5,
					8.5,
					4.475
				]
			},
			"faces": {
				"north": {
					"uv": [
						12,
						2.66667,
						13.33333,
						3.33333
					],
					"texture": "#4"
				},
				"south": {
					"uv": [
						12,
						4,
						13.33333,
						4.66667
					],
					"texture": "#4"
				},
				"up": {
					"uv": [
						13.33333,
						6,
						12,
						5.33333
					],
					"texture": "#4"
				},
				"down": {
					"uv": [
						8,
						12,
						6.66667,
						12.66667
					],
					"texture": "#4"
				}
			}
		},
		{
			"from": [
				7.5,
				11.5,
				5.975
			],
			"to": [
				8.5,
				12,
				6.475
			],
			"rotation": {
				"angle": 0,
				"axis": "y",
				"origin": [
					6.5,
					11.5,
					4.475
				]
			},
			"faces": {
				"north": {
					"uv": [
						12,
						2.66667,
						13.33333,
						3.33333
					],
					"texture": "#4"
				},
				"south": {
					"uv": [
						12,
						4,
						13.33333,
						4.66667
					],
					"texture": "#4"
				},
				"up": {
					"uv": [
						13.33333,
						6,
						12,
						5.33333
					],
					"texture": "#4"
				},
				"down": {
					"uv": [
						8,
						12,
						6.66667,
						12.66667
					],
					"texture": "#4"
				}
			}
		},
		{
			"from": [
				7,
				11.5,
				5.975
			],
			"to": [
				7.5,
				12,
				7.975
			],
			"rotation": {
				"angle": 0,
				"axis": "y",
				"origin": [
					5.5,
					11.5,
					5.975
				]
			},
			"faces": {
				"north": {
					"uv": [
						12,
						8,
						12.66667,
						8.66667
					],
					"texture": "#4"
				},
				"east": {
					"uv": [
						6.66667,
						9.33333,
						9.33333,
						10
					],
					"texture": "#4"
				},
				"south": {
					"uv": [
						9.33333,
						12,
						10,
						12.66667
					],
					"texture": "#4"
				},
				"west": {
					"uv": [
						9.33333,
						6.66667,
						12,
						7.33333
					],
					"texture": "#4"
				},
				"up": {
					"uv": [
						10,
						10.66667,
						9.33333,
						8
					],
					"texture": "#4"
				},
				"down": {
					"uv": [
						11.33333,
						1.33333,
						10.66667,
						4
					],
					"texture": "#4"
				}
			}
		},
		{
			"from": [
				7.5,
				11.5,
				7.475
			],
			"to": [
				8.5,
				12,
				7.975
			],
			"rotation": {
				"angle": 0,
				"axis": "y",
				"origin": [
					6.5,
					11.5,
					5.975
				]
			},
			"faces": {
				"north": {
					"uv": [
						10.66667,
						9.33333,
						12,
						10
					],
					"texture": "#4"
				},
				"south": {
					"uv": [
						10.66667,
						10.66667,
						12,
						11.33333
					],
					"texture": "#4"
				},
				"up": {
					"uv": [
						13.33333,
						0.66667,
						12,
						0
					],
					"texture": "#4"
				},
				"down": {
					"uv": [
						13.33333,
						1.33333,
						12,
						2
					],
					"texture": "#4"
				}
			}
		},
		{
			"from": [
				7.5,
				14.5,
				5.975
			],
			"to": [
				8.5,
				15,
				6.475
			],
			"rotation": {
				"angle": 0,
				"axis": "y",
				"origin": [
					6.5,
					14.5,
					4.475
				]
			},
			"faces": {
				"north": {
					"uv": [
						12,
						2.66667,
						13.33333,
						3.33333
					],
					"texture": "#4"
				},
				"south": {
					"uv": [
						12,
						4,
						13.33333,
						4.66667
					],
					"texture": "#4"
				},
				"up": {
					"uv": [
						13.33333,
						6,
						12,
						5.33333
					],
					"texture": "#4"
				},
				"down": {
					"uv": [
						8,
						12,
						6.66667,
						12.66667
					],
					"texture": "#4"
				}
			}
		},
		{
			"from": [
				7,
				14.5,
				5.975
			],
			"to": [
				7.5,
				15,
				7.975
			],
			"rotation": {
				"angle": 0,
				"axis": "y",
				"origin": [
					5.5,
					14.5,
					5.975
				]
			},
			"faces": {
				"north": {
					"uv": [
						12,
						8,
						12.66667,
						8.66667
					],
					"texture": "#4"
				},
				"east": {
					"uv": [
						6.66667,
						9.33333,
						9.33333,
						10
					],
					"texture": "#4"
				},
				"south": {
					"uv": [
						9.33333,
						12,
						10,
						12.66667
					],
					"texture": "#4"
				},
				"west": {
					"uv": [
						9.33333,
						6.66667,
						12,
						7.33333
					],
					"texture": "#4"
				},
				"up": {
					"uv": [
						10,
						10.66667,
						9.33333,
						8
					],
					"texture": "#4"
				},
				"down": {
					"uv": [
						11.33333,
						1.33333,
						10.66667,
						4
					],
					"texture": "#4"
				}
			}
		},
		{
			"from": [
				7.5,
				14.5,
				7.475
			],
			"to": [
				8.5,
				15,
				7.975
			],
			"rotation": {
				"angle": 0,
				"axis": "y",
				"origin": [
					6.5,
					14.5,
					5.975
				]
			},
			"faces": {
				"north": {
					"uv": [
						10.66667,
						9.33333,
						12,
						10
					],
					"texture": "#4"
				},
				"south": {
					"uv": [
						10.66667,
						10.66667,
						12,
						11.33333
					],
					"texture": "#4"
				},
				"up": {
					"uv": [
						13.33333,
						0.66667,
						12,
						0
					],
					"texture": "#4"
				},
				"down": {
					"uv": [
						13.33333,
						1.33333,
						12,
						2
					],
					"texture": "#4"
				}
			}
		},
		{
			"from": [
				7.985,
				5,
				3.475
			],
			"to": [
				8.015,
				16,
				7.475
			],
			"rotation": {
				"angle": 0,
				"axis": "y",
				"origin": [
					7.985,
					5,
					2.475
				]
			},
			"faces": {
				"east": {
					"uv": [
						5.33333,
						0,
						0,
						14.66667
					],
					"texture": "#4"
				},
				"west": {
					"uv": [
						0,
						0,
						5.33333,
						14.66667
					],
					"texture": "#4"
				}
			}
		}
	],
	"gui_light": "front",
	"display": {
		"thirdperson_righthand": {
			"rotation": [
				18.75,
				0,
				0
			],
			"translation": [
				0,
				4.5,
				2.75
			]
		},
		"thirdperson_lefthand": {
			"rotation": [
				18.75,
				0,
				0
			],
			"translation": [
				0,
				4.5,
				2.75
			]
		},
		"firstperson_righthand": {
			"rotation": [
				-56.5,
				0,
				-24
			],
			"translation": [
				-3.5,
				5,
				4.5
			]
		},
		"firstperson_lefthand": {
			"rotation": [
				-56.5,
				0,
				-24
			],
			"translation": [
				-3.5,
				5,
				4.5
			]
		},
		"ground": {
			"rotation": [
				-45,
				0,
				0
			],
			"translation": [
				0,
				9.75,
				0
			]
		},
		"gui": {
			"rotation": [
				-90,
				45,
				90
			],
			"translation": [
				-0.5,
				0.5,
				0
			],
			"scale": [
				0.95703,
				0.95703,
				0.95703
			]
		},
		"head": {
			"rotation": [
				90,
				-90,
				90
			],
			"scale": [
				1.5,
				1.5,
				1.5
			]
		},
		"fixed": {
			"rotation": [
				0,
				-90,
				0
			],
			"translation": [
				0,
				3.75,
				-1.75
			],
			"scale": [
				2.5,
				2.5,
				2.5
			]
		}
	}
}