{
    "credit": "Made by PolygonMC",
    "texture_size": [
        24,
        24
    ],
    "textures": {
        "1": "fatalmc:item/summer/animations/spin_animations",
        "3": "fatalmc:item/summer/animations/bubble_1",
        "4": "fatalmc:item/summer/animations/animations_greatsword",
        "5": "fatalmc:item/summer/greatsword",
        "particle": "fatalmc:item/summer/animations/bubble_1"
    },
    "elements": [
        {
            "from": [
                7.385,
                -2.015,
                7.235
            ],
            "to": [
                8.615,
                -0.785,
                8.465
            ],
            "rotation": {
                "angle": -22.5,
                "axis": "x",
                "origin": [
                    8,
                    -1.4,
                    7.85
                ]
            },
            "faces": {
                "north": {
                    "uv": [
                        6.66667,
                        2.66667,
                        7.5,
                        3.5
                    ],
                    "texture": "#5"
                },
                "east": {
                    "uv": [
                        3.33333,
                        6.66667,
                        4.16667,
                        7.5
                    ],
                    "texture": "#5"
                },
                "south": {
                    "uv": [
                        6.66667,
                        4,
                        7.5,
                        4.83333
                    ],
                    "texture": "#5"
                },
                "west": {
                    "uv": [
                        4.66667,
                        6.66667,
                        5.5,
                        7.5
                    ],
                    "texture": "#5"
                },
                "up": {
                    "uv": [
                        7.5,
                        6.16667,
                        6.66667,
                        5.33333
                    ],
                    "texture": "#5"
                },
                "down": {
                    "uv": [
                        7.5,
                        6.66667,
                        6.66667,
                        7.5
                    ],
                    "texture": "#5"
                }
            }
        },
        {
            "from": [
                7.135,
                -1.765,
                7.485
            ],
            "to": [
                8.865,
                -1.035,
                8.215
            ],
            "rotation": {
                "angle": -22.5,
                "axis": "x",
                "origin": [
                    8,
                    -1.4,
                    7.85
                ]
            },
            "faces": {
                "north": {
                    "uv": [
                        9.33333,
                        6.66667,
                        10.5,
                        7.16667
                    ],
                    "texture": "#5"
                },
                "east": {
                    "uv": [
                        11.33333,
                        7.33333,
                        11.83333,
                        7.83333
                    ],
                    "texture": "#5"
                },
                "south": {
                    "uv": [
                        7.33333,
                        9.33333,
                        8.5,
                        9.83333
                    ],
                    "texture": "#5"
                },
                "west": {
                    "uv": [
                        11.33333,
                        8,
                        11.83333,
                        8.5
                    ],
                    "texture": "#5"
                },
                "up": {
                    "uv": [
                        10.5,
                        7.83333,
                        9.33333,
                        7.33333
                    ],
                    "texture": "#5"
                },
                "down": {
                    "uv": [
                        9.83333,
                        9.33333,
                        8.66667,
                        9.83333
                    ],
                    "texture": "#5"
                }
            }
        },
        {
            "from": [
                7.5,
                0.7,
                7.45538
            ],
            "to": [
                8.5,
                2.7,
                8.45538
            ],
            "rotation": {
                "angle": 22.5,
                "axis": "x",
                "origin": [
                    7.5,
                    0.7,
                    7.45538
                ]
            },
            "faces": {
                "north": {
                    "uv": [
                        3.33333,
                        4,
                        4,
                        5.33333
                    ],
                    "texture": "#5"
                },
                "east": {
                    "uv": [
                        4,
                        4,
                        4.66667,
                        5.33333
                    ],
                    "texture": "#5"
                },
                "south": {
                    "uv": [
                        4.66667,
                        0,
                        5.33333,
                        1.33333
                    ],
                    "texture": "#5"
                },
                "west": {
                    "uv": [
                        4.66667,
                        1.33333,
                        5.33333,
                        2.66667
                    ],
                    "texture": "#5"
                }
            }
        },
        {
            "from": [
                7.35,
                1.45,
                7.30538
            ],
            "to": [
                8.65,
                1.95,
                8.60538
            ],
            "rotation": {
                "angle": 22.5,
                "axis": "x",
                "origin": [
                    7.5,
                    0.7,
                    7.45538
                ]
            },
            "faces": {
                "north": {
                    "uv": [
                        11.33333,
                        4,
                        12.16667,
                        4.33333
                    ],
                    "texture": "#5"
                },
                "east": {
                    "uv": [
                        4.66667,
                        11.33333,
                        5.5,
                        11.66667
                    ],
                    "texture": "#5"
                },
                "south": {
                    "uv": [
                        11.33333,
                        4.66667,
                        12.16667,
                        5
                    ],
                    "texture": "#5"
                },
                "west": {
                    "uv": [
                        11.33333,
                        5.33333,
                        12.16667,
                        5.66667
                    ],
                    "texture": "#5"
                },
                "up": {
                    "uv": [
                        8.16667,
                        0.83333,
                        7.33333,
                        0
                    ],
                    "texture": "#5"
                },
                "down": {
                    "uv": [
                        8.16667,
                        1.33333,
                        7.33333,
                        2.16667
                    ],
                    "texture": "#5"
                }
            }
        },
        {
            "from": [
                7.5,
                3.78239,
                8.22074
            ],
            "to": [
                8.5,
                5.78239,
                9.22074
            ],
            "rotation": {
                "angle": -22.5,
                "axis": "x",
                "origin": [
                    7.5,
                    3.78239,
                    8.22074
                ]
            },
            "faces": {
                "north": {
                    "uv": [
                        4.66667,
                        2.66667,
                        5.33333,
                        4
                    ],
                    "texture": "#5"
                },
                "east": {
                    "uv": [
                        4.66667,
                        4,
                        5.33333,
                        5.33333
                    ],
                    "texture": "#5"
                },
                "south": {
                    "uv": [
                        5.33333,
                        0,
                        6,
                        1.33333
                    ],
                    "texture": "#5"
                },
                "west": {
                    "uv": [
                        5.33333,
                        1.33333,
                        6,
                        2.66667
                    ],
                    "texture": "#5"
                }
            }
        },
        {
            "from": [
                7.35,
                4.53239,
                8.07074
            ],
            "to": [
                8.65,
                5.03239,
                9.37074
            ],
            "rotation": {
                "angle": -22.5,
                "axis": "x",
                "origin": [
                    7.5,
                    3.78239,
                    8.22074
                ]
            },
            "faces": {
                "north": {
                    "uv": [
                        6,
                        11.33333,
                        6.83333,
                        11.66667
                    ],
                    "texture": "#5"
                },
                "east": {
                    "uv": [
                        11.33333,
                        6,
                        12.16667,
                        6.33333
                    ],
                    "texture": "#5"
                },
                "south": {
                    "uv": [
                        11.33333,
                        6.66667,
                        12.16667,
                        7
                    ],
                    "texture": "#5"
                },
                "west": {
                    "uv": [
                        7.33333,
                        11.33333,
                        8.16667,
                        11.66667
                    ],
                    "texture": "#5"
                },
                "up": {
                    "uv": [
                        0.83333,
                        8.83333,
                        0,
                        8
                    ],
                    "texture": "#5"
                },
                "down": {
                    "uv": [
                        2.16667,
                        8,
                        1.33333,
                        8.83333
                    ],
                    "texture": "#5"
                }
            }
        },
        {
            "from": [
                7.4975,
                2.16508,
                8.14462
            ],
            "to": [
                8.5025,
                4.16508,
                9.14462
            ],
            "rotation": {
                "angle": 0,
                "axis": "y",
                "origin": [
                    7.4975,
                    2.16508,
                    8.14462
                ]
            },
            "faces": {
                "north": {
                    "uv": [
                        5.33333,
                        2.66667,
                        6,
                        4
                    ],
                    "texture": "#5"
                },
                "east": {
                    "uv": [
                        3.33333,
                        5.33333,
                        4,
                        6.66667
                    ],
                    "texture": "#5"
                },
                "south": {
                    "uv": [
                        4,
                        5.33333,
                        4.66667,
                        6.66667
                    ],
                    "texture": "#5"
                },
                "west": {
                    "uv": [
                        5.33333,
                        4,
                        6,
                        5.33333
                    ],
                    "texture": "#5"
                },
                "down": {
                    "uv": [
                        4.66667,
                        2,
                        4,
                        2.66667
                    ],
                    "texture": "#5"
                }
            }
        },
        {
            "from": [
                7.4975,
                -1.3,
                7.45538
            ],
            "to": [
                8.5025,
                0.7,
                8.45538
            ],
            "rotation": {
                "angle": 0,
                "axis": "y",
                "origin": [
                    8,
                    -0.3,
                    7.95538
                ]
            },
            "faces": {
                "north": {
                    "uv": [
                        4.66667,
                        5.33333,
                        5.33333,
                        6.66667
                    ],
                    "texture": "#5"
                },
                "east": {
                    "uv": [
                        5.33333,
                        5.33333,
                        6,
                        6.66667
                    ],
                    "texture": "#5"
                },
                "south": {
                    "uv": [
                        6,
                        0,
                        6.66667,
                        1.33333
                    ],
                    "texture": "#5"
                },
                "west": {
                    "uv": [
                        6,
                        1.33333,
                        6.66667,
                        2.66667
                    ],
                    "texture": "#5"
                },
                "up": {
                    "uv": [
                        0.66667,
                        12,
                        0,
                        11.33333
                    ],
                    "texture": "#5"
                }
            }
        },
        {
            "from": [
                7.985,
                -3.4,
                6.425
            ],
            "to": [
                8.015,
                -1.4,
                8.425
            ],
            "rotation": {
                "angle": -22.5,
                "axis": "x",
                "origin": [
                    7.985,
                    -2.4,
                    7.425
                ]
            },
            "faces": {
                "east": {
                    "uv": [
                        4,
                        0,
                        2.66667,
                        1.33333
                    ],
                    "texture": "#5"
                },
                "west": {
                    "uv": [
                        2.66667,
                        0,
                        4,
                        1.33333
                    ],
                    "texture": "#5"
                }
            }
        },
        {
            "from": [
                7.445,
                6.63517,
                5.9117
            ],
            "to": [
                8.555,
                7.74517,
                8.6317
            ],
            "rotation": {
                "angle": -45,
                "axis": "x",
                "origin": [
                    8,
                    7.19017,
                    8.7717
                ]
            },
            "faces": {
                "north": {
                    "uv": [
                        2.66667,
                        8.66667,
                        3.33333,
                        9.33333
                    ],
                    "texture": "#5"
                },
                "east": {
                    "uv": [
                        2.66667,
                        2.66667,
                        4.5,
                        3.33333
                    ],
                    "texture": "#5"
                },
                "south": {
                    "uv": [
                        10,
                        9.33333,
                        10.66667,
                        10
                    ],
                    "texture": "#5"
                },
                "west": {
                    "uv": [
                        2.66667,
                        3.33333,
                        4.5,
                        4
                    ],
                    "texture": "#5"
                },
                "up": {
                    "uv": [
                        4.66667,
                        1.83333,
                        4,
                        0
                    ],
                    "texture": "#5"
                },
                "down": {
                    "uv": [
                        3.33333,
                        4,
                        2.66667,
                        5.83333
                    ],
                    "texture": "#5"
                }
            }
        },
        {
            "from": [
                7.556,
                6.79359,
                8.34412
            ],
            "to": [
                8.444,
                7.91959,
                9.23212
            ],
            "rotation": {
                "angle": 22.5,
                "axis": "x",
                "origin": [
                    8,
                    7.33159,
                    8.91312
                ]
            },
            "faces": {
                "north": {
                    "uv": [
                        10,
                        0,
                        10.66667,
                        0.83333
                    ],
                    "texture": "#5"
                },
                "east": {
                    "uv": [
                        10,
                        1.33333,
                        10.66667,
                        2.16667
                    ],
                    "texture": "#5"
                },
                "south": {
                    "uv": [
                        10,
                        5.33333,
                        10.66667,
                        6.16667
                    ],
                    "texture": "#5"
                },
                "west": {
                    "uv": [
                        7.33333,
                        10,
                        8,
                        10.83333
                    ],
                    "texture": "#5"
                },
                "up": {
                    "uv": [
                        10.66667,
                        10.66667,
                        10,
                        10
                    ],
                    "texture": "#5"
                }
            }
        },
        {
            "from": [
                7.64924,
                7.73531,
                8.6783
            ],
            "to": [
                8.35076,
                8.57235,
                9.37982
            ],
            "rotation": {
                "angle": 0,
                "axis": "y",
                "origin": [
                    8,
                    8.90383,
                    9.42906
                ]
            },
            "faces": {
                "north": {
                    "uv": [
                        8.66667,
                        11.33333,
                        9.16667,
                        11.83333
                    ],
                    "texture": "#5"
                },
                "east": {
                    "uv": [
                        11.33333,
                        8.66667,
                        11.83333,
                        9.16667
                    ],
                    "texture": "#5"
                },
                "south": {
                    "uv": [
                        9.33333,
                        11.33333,
                        9.83333,
                        11.83333
                    ],
                    "texture": "#5"
                },
                "west": {
                    "uv": [
                        11.33333,
                        9.33333,
                        11.83333,
                        9.83333
                    ],
                    "texture": "#5"
                },
                "up": {
                    "uv": [
                        10.5,
                        11.83333,
                        10,
                        11.33333
                    ],
                    "texture": "#5"
                }
            }
        },
        {
            "from": [
                7.556,
                4.38074,
                5.96101
            ],
            "to": [
                8.444,
                5.50674,
                6.84901
            ],
            "rotation": {
                "angle": 22.5,
                "axis": "x",
                "origin": [
                    8,
                    4.31092,
                    6.46705
                ]
            },
            "faces": {
                "north": {
                    "uv": [
                        8,
                        10,
                        8.66667,
                        10.83333
                    ],
                    "texture": "#5"
                },
                "east": {
                    "uv": [
                        10,
                        8,
                        10.66667,
                        8.83333
                    ],
                    "texture": "#5"
                },
                "south": {
                    "uv": [
                        8.66667,
                        10,
                        9.33333,
                        10.83333
                    ],
                    "texture": "#5"
                },
                "west": {
                    "uv": [
                        9.33333,
                        10,
                        10,
                        10.83333
                    ],
                    "texture": "#5"
                },
                "down": {
                    "uv": [
                        0.66667,
                        10.66667,
                        0,
                        11.33333
                    ],
                    "texture": "#5"
                }
            }
        },
        {
            "from": [
                7.64924,
                3.74949,
                6.10428
            ],
            "to": [
                8.35076,
                4.58653,
                6.8058
            ],
            "rotation": {
                "angle": 0,
                "axis": "y",
                "origin": [
                    8,
                    4.31092,
                    6.46705
                ]
            },
            "faces": {
                "north": {
                    "uv": [
                        11.33333,
                        10,
                        11.83333,
                        10.5
                    ],
                    "texture": "#5"
                },
                "east": {
                    "uv": [
                        10.66667,
                        11.33333,
                        11.16667,
                        11.83333
                    ],
                    "texture": "#5"
                },
                "south": {
                    "uv": [
                        11.33333,
                        10.66667,
                        11.83333,
                        11.16667
                    ],
                    "texture": "#5"
                },
                "west": {
                    "uv": [
                        11.33333,
                        11.33333,
                        11.83333,
                        11.83333
                    ],
                    "texture": "#5"
                },
                "down": {
                    "uv": [
                        0.5,
                        12,
                        0,
                        12.5
                    ],
                    "texture": "#5"
                }
            }
        },
        {
            "from": [
                7.75,
                8.48099,
                5.91021
            ],
            "to": [
                8.25,
                9.48099,
                6.91021
            ],
            "rotation": {
                "angle": 0,
                "axis": "y",
                "origin": [
                    7.75,
                    7.98099,
                    6.41021
                ]
            },
            "faces": {
                "north": {
                    "uv": [
                        12,
                        0,
                        12.33333,
                        0.66667
                    ],
                    "texture": "#5"
                },
                "east": {
                    "uv": [
                        10.66667,
                        0,
                        11.33333,
                        0.66667
                    ],
                    "texture": "#5"
                },
                "south": {
                    "uv": [
                        0.66667,
                        12,
                        1,
                        12.66667
                    ],
                    "texture": "#5"
                },
                "west": {
                    "uv": [
                        0.66667,
                        10.66667,
                        1.33333,
                        11.33333
                    ],
                    "texture": "#5"
                },
                "up": {
                    "uv": [
                        12.33333,
                        1.33333,
                        12,
                        0.66667
                    ],
                    "texture": "#5"
                },
                "down": {
                    "uv": [
                        12.33333,
                        1.33333,
                        12,
                        2
                    ],
                    "texture": "#5"
                }
            }
        },
        {
            "from": [
                7.7535,
                9.25158,
                6.06349
            ],
            "to": [
                8.2465,
                10.25158,
                7.06349
            ],
            "rotation": {
                "angle": 22.5,
                "axis": "x",
                "origin": [
                    7.7535,
                    9.75158,
                    6.56349
                ]
            },
            "faces": {
                "north": {
                    "uv": [
                        12,
                        2,
                        12.33333,
                        2.66667
                    ],
                    "texture": "#5"
                },
                "east": {
                    "uv": [
                        10.66667,
                        0.66667,
                        11.33333,
                        1.33333
                    ],
                    "texture": "#5"
                },
                "south": {
                    "uv": [
                        12,
                        2.66667,
                        12.33333,
                        3.33333
                    ],
                    "texture": "#5"
                },
                "west": {
                    "uv": [
                        1.33333,
                        10.66667,
                        2,
                        11.33333
                    ],
                    "texture": "#5"
                },
                "up": {
                    "uv": [
                        12.33333,
                        4,
                        12,
                        3.33333
                    ],
                    "texture": "#5"
                }
            }
        },
        {
            "from": [
                7.7585,
                9.90487,
                6.5
            ],
            "to": [
                8.2415,
                10.90487,
                7.5
            ],
            "rotation": {
                "angle": 45,
                "axis": "x",
                "origin": [
                    7.7585,
                    10.40487,
                    7
                ]
            },
            "faces": {
                "north": {
                    "uv": [
                        4,
                        12,
                        4.33333,
                        12.66667
                    ],
                    "texture": "#5"
                },
                "east": {
                    "uv": [
                        10.66667,
                        1.33333,
                        11.33333,
                        2
                    ],
                    "texture": "#5"
                },
                "south": {
                    "uv": [
                        4.66667,
                        12,
                        5,
                        12.66667
                    ],
                    "texture": "#5"
                },
                "west": {
                    "uv": [
                        2,
                        10.66667,
                        2.66667,
                        11.33333
                    ],
                    "texture": "#5"
                },
                "up": {
                    "uv": [
                        5.66667,
                        12.66667,
                        5.33333,
                        12
                    ],
                    "texture": "#5"
                }
            }
        },
        {
            "from": [
                7.76,
                10.34137,
                7.15328
            ],
            "to": [
                8.24,
                11.34137,
                8.15328
            ],
            "rotation": {
                "angle": -22.5,
                "axis": "x",
                "origin": [
                    7.76,
                    10.84137,
                    7.65328
                ]
            },
            "faces": {
                "east": {
                    "uv": [
                        10.66667,
                        2,
                        11.33333,
                        2.66667
                    ],
                    "texture": "#5"
                },
                "south": {
                    "uv": [
                        6,
                        12,
                        6.33333,
                        12.66667
                    ],
                    "texture": "#5"
                },
                "west": {
                    "uv": [
                        2.66667,
                        10.66667,
                        3.33333,
                        11.33333
                    ],
                    "texture": "#5"
                },
                "up": {
                    "uv": [
                        7,
                        12.66667,
                        6.66667,
                        12
                    ],
                    "texture": "#5"
                },
                "down": {
                    "uv": [
                        7.66667,
                        12,
                        7.33333,
                        12.66667
                    ],
                    "texture": "#5"
                }
            }
        },
        {
            "from": [
                7.762,
                10.77788,
                7.80656
            ],
            "to": [
                8.238,
                11.77788,
                9.30656
            ],
            "rotation": {
                "angle": -45,
                "axis": "x",
                "origin": [
                    7.75,
                    11.27788,
                    8.30656
                ]
            },
            "faces": {
                "east": {
                    "uv": [
                        9.33333,
                        4,
                        10.33333,
                        4.66667
                    ],
                    "texture": "#5"
                },
                "south": {
                    "uv": [
                        12,
                        7.33333,
                        12.33333,
                        8
                    ],
                    "texture": "#5"
                },
                "west": {
                    "uv": [
                        9.33333,
                        4.66667,
                        10.33333,
                        5.33333
                    ],
                    "texture": "#5"
                },
                "up": {
                    "uv": [
                        11.66667,
                        1.66667,
                        11.33333,
                        0.66667
                    ],
                    "texture": "#5"
                },
                "down": {
                    "uv": [
                        1.66667,
                        11.33333,
                        1.33333,
                        12.33333
                    ],
                    "texture": "#5"
                }
            }
        },
        {
            "from": [
                7.762,
                11.76569,
                8.6923
            ],
            "to": [
                8.238,
                13.26569,
                9.6923
            ],
            "rotation": {
                "angle": 22.5,
                "axis": "x",
                "origin": [
                    7.75,
                    12.51569,
                    9.1923
                ]
            },
            "faces": {
                "north": {
                    "uv": [
                        2,
                        11.33333,
                        2.33333,
                        12.33333
                    ],
                    "texture": "#5"
                },
                "east": {
                    "uv": [
                        5.33333,
                        9.33333,
                        6,
                        10.33333
                    ],
                    "texture": "#5"
                },
                "south": {
                    "uv": [
                        11.33333,
                        2,
                        11.66667,
                        3
                    ],
                    "texture": "#5"
                },
                "west": {
                    "uv": [
                        9.33333,
                        5.33333,
                        10,
                        6.33333
                    ],
                    "texture": "#5"
                },
                "up": {
                    "uv": [
                        8.33333,
                        12.66667,
                        8,
                        12
                    ],
                    "texture": "#5"
                },
                "down": {
                    "uv": [
                        12.33333,
                        8,
                        12,
                        8.66667
                    ],
                    "texture": "#5"
                }
            }
        },
        {
            "from": [
                7.762,
                23.94403,
                9.32513
            ],
            "to": [
                8.238,
                25.44403,
                10.32513
            ],
            "rotation": {
                "angle": 45,
                "axis": "x",
                "origin": [
                    8,
                    24.69403,
                    9.82513
                ]
            },
            "faces": {
                "north": {
                    "uv": [
                        2.66667,
                        11.33333,
                        3,
                        12.33333
                    ],
                    "texture": "#5"
                },
                "east": {
                    "uv": [
                        6,
                        9.33333,
                        6.66667,
                        10.33333
                    ],
                    "texture": "#5"
                },
                "south": {
                    "uv": [
                        3.33333,
                        11.33333,
                        3.66667,
                        12.33333
                    ],
                    "texture": "#5"
                },
                "west": {
                    "uv": [
                        6.66667,
                        9.33333,
                        7.33333,
                        10.33333
                    ],
                    "texture": "#5"
                },
                "up": {
                    "uv": [
                        9,
                        12.66667,
                        8.66667,
                        12
                    ],
                    "texture": "#5"
                }
            }
        },
        {
            "from": [
                7.762,
                13.01726,
                8.94125
            ],
            "to": [
                8.238,
                24.51726,
                9.94125
            ],
            "rotation": {
                "angle": 0,
                "axis": "y",
                "origin": [
                    7.75,
                    11.76726,
                    9.44125
                ]
            },
            "faces": {
                "north": {
                    "uv": [
                        1.33333,
                        0,
                        1.66667,
                        7.66667
                    ],
                    "texture": "#5"
                },
                "east": {
                    "uv": [
                        0,
                        0,
                        0.66667,
                        7.66667
                    ],
                    "texture": "#5"
                },
                "south": {
                    "uv": [
                        2,
                        0,
                        2.33333,
                        7.66667
                    ],
                    "texture": "#5"
                },
                "west": {
                    "uv": [
                        0.66667,
                        0,
                        1.33333,
                        7.66667
                    ],
                    "texture": "#5"
                },
                "down": {
                    "uv": [
                        12.33333,
                        8.66667,
                        12,
                        9.33333
                    ],
                    "texture": "#5"
                }
            }
        },
        {
            "from": [
                7.7535,
                7.71039,
                6.06349
            ],
            "to": [
                8.2465,
                8.71039,
                7.06349
            ],
            "rotation": {
                "angle": -22.5,
                "axis": "x",
                "origin": [
                    7.7535,
                    8.21039,
                    6.56349
                ]
            },
            "faces": {
                "north": {
                    "uv": [
                        9.33333,
                        12,
                        9.66667,
                        12.66667
                    ],
                    "texture": "#5"
                },
                "east": {
                    "uv": [
                        10.66667,
                        2.66667,
                        11.33333,
                        3.33333
                    ],
                    "texture": "#5"
                },
                "south": {
                    "uv": [
                        12,
                        9.33333,
                        12.33333,
                        10
                    ],
                    "texture": "#5"
                },
                "west": {
                    "uv": [
                        3.33333,
                        10.66667,
                        4,
                        11.33333
                    ],
                    "texture": "#5"
                },
                "down": {
                    "uv": [
                        10.33333,
                        12,
                        10,
                        12.66667
                    ],
                    "texture": "#5"
                }
            }
        },
        {
            "from": [
                7.7585,
                7.05711,
                6.5
            ],
            "to": [
                8.2415,
                8.05711,
                7.5
            ],
            "rotation": {
                "angle": -45,
                "axis": "x",
                "origin": [
                    7.7585,
                    7.55711,
                    7
                ]
            },
            "faces": {
                "north": {
                    "uv": [
                        12,
                        10,
                        12.33333,
                        10.66667
                    ],
                    "texture": "#5"
                },
                "east": {
                    "uv": [
                        10.66667,
                        3.33333,
                        11.33333,
                        4
                    ],
                    "texture": "#5"
                },
                "south": {
                    "uv": [
                        10.66667,
                        12,
                        11,
                        12.66667
                    ],
                    "texture": "#5"
                },
                "west": {
                    "uv": [
                        4,
                        10.66667,
                        4.66667,
                        11.33333
                    ],
                    "texture": "#5"
                },
                "down": {
                    "uv": [
                        12.33333,
                        10.66667,
                        12,
                        11.33333
                    ],
                    "texture": "#5"
                }
            }
        },
        {
            "from": [
                7.76,
                6.6206,
                7.15328
            ],
            "to": [
                8.24,
                7.6206,
                8.15328
            ],
            "rotation": {
                "angle": 22.5,
                "axis": "x",
                "origin": [
                    7.76,
                    7.1206,
                    7.65328
                ]
            },
            "faces": {
                "east": {
                    "uv": [
                        10.66667,
                        4,
                        11.33333,
                        4.66667
                    ],
                    "texture": "#5"
                },
                "west": {
                    "uv": [
                        4.66667,
                        10.66667,
                        5.33333,
                        11.33333
                    ],
                    "texture": "#5"
                },
                "up": {
                    "uv": [
                        11.66667,
                        12.66667,
                        11.33333,
                        12
                    ],
                    "texture": "#5"
                },
                "down": {
                    "uv": [
                        12.33333,
                        11.33333,
                        12,
                        12
                    ],
                    "texture": "#5"
                }
            }
        },
        {
            "from": [
                7.86,
                5.8,
                8.05
            ],
            "to": [
                7.89,
                7.8,
                10.05
            ],
            "rotation": {
                "angle": 45,
                "axis": "x",
                "origin": [
                    7.76,
                    5.8,
                    8.05
                ]
            },
            "faces": {
                "east": {
                    "uv": [
                        4,
                        1.33333,
                        2.66667,
                        2.66667
                    ],
                    "texture": "#5"
                },
                "west": {
                    "uv": [
                        2.66667,
                        1.33333,
                        4,
                        2.66667
                    ],
                    "texture": "#5"
                }
            }
        },
        {
            "from": [
                8.11,
                5.8,
                8.05
            ],
            "to": [
                8.14,
                7.8,
                10.05
            ],
            "rotation": {
                "angle": 22.5,
                "axis": "x",
                "origin": [
                    8.01,
                    5.8,
                    8.05
                ]
            },
            "faces": {
                "east": {
                    "uv": [
                        4,
                        1.33333,
                        2.66667,
                        2.66667
                    ],
                    "texture": "#5"
                },
                "west": {
                    "uv": [
                        2.66667,
                        1.33333,
                        4,
                        2.66667
                    ],
                    "texture": "#5"
                }
            }
        },
        {
            "from": [
                7,
                4.66885,
                7.18083
            ],
            "to": [
                7.5,
                8.16885,
                7.68083
            ],
            "rotation": {
                "angle": 22.5,
                "axis": "x",
                "origin": [
                    7.625,
                    6.31705,
                    7.62179
                ]
            },
            "faces": {
                "north": {
                    "uv": [
                        2.66667,
                        6,
                        3,
                        8.33333
                    ],
                    "texture": "#5"
                },
                "east": {
                    "uv": [
                        6,
                        2.66667,
                        6.33333,
                        5
                    ],
                    "texture": "#5"
                },
                "south": {
                    "uv": [
                        6,
                        5.33333,
                        6.33333,
                        7.66667
                    ],
                    "texture": "#5"
                },
                "west": {
                    "uv": [
                        6.66667,
                        0,
                        7,
                        2.33333
                    ],
                    "texture": "#5"
                },
                "up": {
                    "uv": [
                        13,
                        6.33333,
                        12.66667,
                        6
                    ],
                    "texture": "#5"
                },
                "down": {
                    "uv": [
                        7,
                        12.66667,
                        6.66667,
                        13
                    ],
                    "texture": "#5"
                }
            }
        },
        {
            "from": [
                6.6475,
                7.79847,
                7.85152
            ],
            "to": [
                7.5025,
                8.40347,
                8.45652
            ],
            "rotation": {
                "angle": -22.5,
                "axis": "x",
                "origin": [
                    7.25,
                    8.10097,
                    8.15402
                ]
            },
            "faces": {
                "north": {
                    "uv": [
                        12.66667,
                        3.33333,
                        13.16667,
                        3.66667
                    ],
                    "texture": "#5"
                },
                "east": {
                    "uv": [
                        12.66667,
                        6.66667,
                        13,
                        7
                    ],
                    "texture": "#5"
                },
                "south": {
                    "uv": [
                        4,
                        12.66667,
                        4.5,
                        13
                    ],
                    "texture": "#5"
                },
                "west": {
                    "uv": [
                        7.33333,
                        12.66667,
                        7.66667,
                        13
                    ],
                    "texture": "#5"
                },
                "up": {
                    "uv": [
                        13.16667,
                        4.33333,
                        12.66667,
                        4
                    ],
                    "texture": "#5"
                },
                "down": {
                    "uv": [
                        5.16667,
                        12.66667,
                        4.66667,
                        13
                    ],
                    "texture": "#5"
                }
            }
        },
        {
            "from": [
                7.5,
                5.59484,
                5.62665
            ],
            "to": [
                8.5,
                6.59484,
                6.62665
            ],
            "rotation": {
                "angle": 0,
                "axis": "y",
                "origin": [
                    8,
                    6.87262,
                    4.8181
                ]
            },
            "faces": {
                "north": {
                    "uv": [
                        11.33333,
                        5.33333,
                        10.66667,
                        6
                    ],
                    "texture": "#5"
                },
                "east": {
                    "uv": [
                        6,
                        10.66667,
                        5.33333,
                        11.33333
                    ],
                    "texture": "#5"
                },
                "south": {
                    "uv": [
                        11.33333,
                        4.66667,
                        10.66667,
                        5.33333
                    ],
                    "texture": "#5"
                },
                "west": {
                    "uv": [
                        6.66667,
                        10.66667,
                        6,
                        11.33333
                    ],
                    "texture": "#5"
                },
                "down": {
                    "uv": [
                        11.33333,
                        6.66667,
                        10.66667,
                        6
                    ],
                    "texture": "#5"
                }
            }
        },
        {
            "from": [
                6.57123,
                5.12766,
                5.9794
            ],
            "to": [
                7.57123,
                6.12766,
                6.2794
            ],
            "rotation": {
                "angle": 22.5,
                "axis": "z",
                "origin": [
                    8.20201,
                    7.12262,
                    5.3181
                ]
            },
            "faces": {
                "north": {
                    "uv": [
                        11.33333,
                        6.66667,
                        10.66667,
                        7.33333
                    ],
                    "texture": "#5"
                },
                "south": {
                    "uv": [
                        7.33333,
                        10.66667,
                        6.66667,
                        11.33333
                    ],
                    "texture": "#5"
                },
                "west": {
                    "uv": [
                        12.83333,
                        7.33333,
                        12.66667,
                        8
                    ],
                    "texture": "#5"
                },
                "up": {
                    "uv": [
                        8.66667,
                        12.66667,
                        8,
                        12.83333
                    ],
                    "texture": "#5"
                },
                "down": {
                    "uv": [
                        13.33333,
                        8.16667,
                        12.66667,
                        8
                    ],
                    "texture": "#5"
                }
            }
        },
        {
            "from": [
                7.85,
                7.93373,
                5.5044
            ],
            "to": [
                8.15,
                8.68373,
                6.5044
            ],
            "rotation": {
                "angle": -22.5,
                "axis": "x",
                "origin": [
                    8,
                    8.43373,
                    6.0044
                ]
            },
            "faces": {
                "east": {
                    "uv": [
                        12,
                        3.33333,
                        11.33333,
                        3.83333
                    ],
                    "texture": "#5"
                },
                "south": {
                    "uv": [
                        13.5,
                        0,
                        13.33333,
                        0.5
                    ],
                    "texture": "#5"
                },
                "west": {
                    "uv": [
                        4.66667,
                        11.33333,
                        4,
                        11.83333
                    ],
                    "texture": "#5"
                },
                "up": {
                    "uv": [
                        8.83333,
                        12.66667,
                        8.66667,
                        13.33333
                    ],
                    "texture": "#5"
                },
                "down": {
                    "uv": [
                        12.83333,
                        9.33333,
                        12.66667,
                        8.66667
                    ],
                    "texture": "#5"
                }
            }
        },
        {
            "from": [
                6.8451,
                7.36629,
                5.01842
            ],
            "to": [
                7.3451,
                8.11629,
                5.31842
            ],
            "rotation": {
                "angle": -45,
                "axis": "x",
                "origin": [
                    6.8451,
                    7.61629,
                    5.16842
                ]
            },
            "faces": {
                "north": {
                    "uv": [
                        5.66667,
                        12.66667,
                        5.33333,
                        13.16667
                    ],
                    "texture": "#5"
                },
                "east": {
                    "uv": [
                        0.83333,
                        13.33333,
                        0.66667,
                        13.83333
                    ],
                    "texture": "#5"
                },
                "south": {
                    "uv": [
                        13,
                        4.66667,
                        12.66667,
                        5.16667
                    ],
                    "texture": "#5"
                },
                "west": {
                    "uv": [
                        13.5,
                        0.66667,
                        13.33333,
                        1.16667
                    ],
                    "texture": "#5"
                },
                "up": {
                    "uv": [
                        2.33333,
                        13.33333,
                        2,
                        13.5
                    ],
                    "texture": "#5"
                },
                "down": {
                    "uv": [
                        13.66667,
                        2.16667,
                        13.33333,
                        2
                    ],
                    "texture": "#5"
                }
            }
        },
        {
            "from": [
                8.6549,
                7.36629,
                5.01842
            ],
            "to": [
                9.1549,
                8.11629,
                5.31842
            ],
            "rotation": {
                "angle": -45,
                "axis": "x",
                "origin": [
                    9.1549,
                    7.61629,
                    5.16842
                ]
            },
            "faces": {
                "north": {
                    "uv": [
                        6.33333,
                        12.66667,
                        6,
                        13.16667
                    ],
                    "texture": "#5"
                },
                "east": {
                    "uv": [
                        1.5,
                        13.33333,
                        1.33333,
                        13.83333
                    ],
                    "texture": "#5"
                },
                "south": {
                    "uv": [
                        13,
                        5.33333,
                        12.66667,
                        5.83333
                    ],
                    "texture": "#5"
                },
                "west": {
                    "uv": [
                        13.5,
                        1.33333,
                        13.33333,
                        1.83333
                    ],
                    "texture": "#5"
                },
                "up": {
                    "uv": [
                        3,
                        13.33333,
                        2.66667,
                        13.5
                    ],
                    "texture": "#5"
                },
                "down": {
                    "uv": [
                        13.66667,
                        2.83333,
                        13.33333,
                        2.66667
                    ],
                    "texture": "#5"
                }
            }
        },
        {
            "from": [
                8.42877,
                5.12766,
                5.9794
            ],
            "to": [
                9.42877,
                6.12766,
                6.2794
            ],
            "rotation": {
                "angle": -22.5,
                "axis": "z",
                "origin": [
                    7.79799,
                    7.12262,
                    5.3181
                ]
            },
            "faces": {
                "north": {
                    "uv": [
                        11.33333,
                        8,
                        10.66667,
                        8.66667
                    ],
                    "texture": "#5"
                },
                "east": {
                    "uv": [
                        9.5,
                        12.66667,
                        9.33333,
                        13.33333
                    ],
                    "texture": "#5"
                },
                "south": {
                    "uv": [
                        11.33333,
                        7.33333,
                        10.66667,
                        8
                    ],
                    "texture": "#5"
                },
                "up": {
                    "uv": [
                        13.33333,
                        9.33333,
                        12.66667,
                        9.5
                    ],
                    "texture": "#5"
                },
                "down": {
                    "uv": [
                        10.66667,
                        12.83333,
                        10,
                        12.66667
                    ],
                    "texture": "#5"
                }
            }
        },
        {
            "from": [
                7.41,
                5.83716,
                5.27209
            ],
            "to": [
                8.59,
                7.01716,
                6.45209
            ],
            "rotation": {
                "angle": -22.5,
                "axis": "x",
                "origin": [
                    8,
                    6.87262,
                    4.8181
                ]
            },
            "faces": {
                "north": {
                    "uv": [
                        8.83333,
                        4,
                        8,
                        4.83333
                    ],
                    "texture": "#5"
                },
                "east": {
                    "uv": [
                        4.16667,
                        8,
                        3.33333,
                        8.83333
                    ],
                    "texture": "#5"
                },
                "south": {
                    "uv": [
                        8.83333,
                        2.66667,
                        8,
                        3.5
                    ],
                    "texture": "#5"
                },
                "west": {
                    "uv": [
                        5.5,
                        8,
                        4.66667,
                        8.83333
                    ],
                    "texture": "#5"
                },
                "down": {
                    "uv": [
                        8.83333,
                        6.16667,
                        8,
                        5.33333
                    ],
                    "texture": "#5"
                }
            }
        },
        {
            "from": [
                7.41,
                7.42006,
                3.51708
            ],
            "to": [
                8.59,
                8.60006,
                4.69708
            ],
            "rotation": {
                "angle": 22.5,
                "axis": "x",
                "origin": [
                    8,
                    6.87262,
                    4.8181
                ]
            },
            "faces": {
                "north": {
                    "uv": [
                        8.83333,
                        6.66667,
                        8,
                        7.5
                    ],
                    "texture": "#5"
                },
                "east": {
                    "uv": [
                        6.83333,
                        8,
                        6,
                        8.83333
                    ],
                    "texture": "#5"
                },
                "west": {
                    "uv": [
                        8.16667,
                        8,
                        7.33333,
                        8.83333
                    ],
                    "texture": "#5"
                },
                "up": {
                    "uv": [
                        9.5,
                        0,
                        8.66667,
                        0.83333
                    ],
                    "texture": "#5"
                },
                "down": {
                    "uv": [
                        9.5,
                        2.16667,
                        8.66667,
                        1.33333
                    ],
                    "texture": "#5"
                }
            }
        },
        {
            "from": [
                7.5339,
                7.93282,
                3.37553
            ],
            "to": [
                8.4661,
                8.86502,
                4.30773
            ],
            "rotation": {
                "angle": 0,
                "axis": "y",
                "origin": [
                    8,
                    6.87262,
                    4.8181
                ]
            },
            "faces": {
                "north": {
                    "uv": [
                        11.33333,
                        9.33333,
                        10.66667,
                        10
                    ],
                    "texture": "#5"
                },
                "east": {
                    "uv": [
                        11.33333,
                        8.66667,
                        10.66667,
                        9.33333
                    ],
                    "texture": "#5"
                },
                "west": {
                    "uv": [
                        10.66667,
                        10.66667,
                        10,
                        11.33333
                    ],
                    "texture": "#5"
                },
                "up": {
                    "uv": [
                        11.33333,
                        10,
                        10.66667,
                        10.66667
                    ],
                    "texture": "#5"
                },
                "down": {
                    "uv": [
                        11.33333,
                        11.33333,
                        10.66667,
                        10.66667
                    ],
                    "texture": "#5"
                }
            }
        },
        {
            "from": [
                7.765,
                7.93282,
                2.94333
            ],
            "to": [
                8.235,
                8.39002,
                3.37553
            ],
            "rotation": {
                "angle": 0,
                "axis": "y",
                "origin": [
                    8,
                    8.16142,
                    3.15943
                ]
            },
            "faces": {
                "north": {
                    "uv": [
                        11,
                        12.66667,
                        10.66667,
                        13
                    ],
                    "texture": "#5"
                },
                "east": {
                    "uv": [
                        13,
                        10,
                        12.66667,
                        10.33333
                    ],
                    "texture": "#5"
                },
                "west": {
                    "uv": [
                        13,
                        10.66667,
                        12.66667,
                        11
                    ],
                    "texture": "#5"
                },
                "up": {
                    "uv": [
                        11.66667,
                        12.66667,
                        11.33333,
                        13
                    ],
                    "texture": "#5"
                },
                "down": {
                    "uv": [
                        13,
                        11.66667,
                        12.66667,
                        11.33333
                    ],
                    "texture": "#5"
                }
            }
        },
        {
            "from": [
                7.3451,
                6.34096,
                5.08812
            ],
            "to": [
                8.6549,
                7.65076,
                6.39792
            ],
            "rotation": {
                "angle": -45,
                "axis": "x",
                "origin": [
                    8,
                    6.87262,
                    4.8181
                ]
            },
            "faces": {
                "north": {
                    "uv": [
                        2.16667,
                        9.33333,
                        1.33333,
                        10.16667
                    ],
                    "texture": "#5"
                },
                "east": {
                    "uv": [
                        0.83333,
                        9.33333,
                        0,
                        10.16667
                    ],
                    "texture": "#5"
                },
                "south": {
                    "uv": [
                        9.5,
                        8,
                        8.66667,
                        8.83333
                    ],
                    "texture": "#5"
                },
                "west": {
                    "uv": [
                        3.5,
                        9.33333,
                        2.66667,
                        10.16667
                    ],
                    "texture": "#5"
                },
                "up": {
                    "uv": [
                        10.16667,
                        2.66667,
                        9.33333,
                        3.5
                    ],
                    "texture": "#5"
                },
                "down": {
                    "uv": [
                        4.83333,
                        10.16667,
                        4,
                        9.33333
                    ],
                    "texture": "#5"
                }
            }
        },
        {
            "from": [
                6.85,
                8.975,
                2.8
            ],
            "to": [
                6.88,
                12.225,
                6.05
            ],
            "rotation": {
                "angle": 22.5,
                "axis": "x",
                "origin": [
                    0,
                    0,
                    0
                ]
            },
            "faces": {
                "east": {
                    "uv": [
                        13,
                        0,
                        0,
                        13
                    ],
                    "texture": "#1"
                },
                "west": {
                    "uv": [
                        0,
                        0,
                        13,
                        13
                    ],
                    "texture": "#1"
                }
            }
        },
        {
            "from": [
                7.25,
                5.5,
                8.5
            ],
            "to": [
                7.28,
                8.5,
                10.5
            ],
            "rotation": {
                "angle": 0,
                "axis": "y",
                "origin": [
                    7.25,
                    5.5,
                    10.5
                ]
            },
            "faces": {
                "east": {
                    "uv": [
                        0,
                        0,
                        8,
                        12
                    ],
                    "texture": "#3"
                },
                "west": {
                    "uv": [
                        8,
                        0,
                        0,
                        12
                    ],
                    "texture": "#3"
                },
                "down": {
                    "uv": [
                        0,
                        8,
                        0,
                        0
                    ],
                    "texture": "#3"
                }
            }
        },
        {
            "from": [
                8.9,
                5.5,
                8
            ],
            "to": [
                8.93,
                8.5,
                10
            ],
            "rotation": {
                "angle": 0,
                "axis": "y",
                "origin": [
                    8.9,
                    5.5,
                    10
                ]
            },
            "faces": {
                "east": {
                    "uv": [
                        0,
                        0,
                        8,
                        12
                    ],
                    "texture": "#3"
                },
                "west": {
                    "uv": [
                        8,
                        0,
                        0,
                        12
                    ],
                    "texture": "#3"
                },
                "down": {
                    "uv": [
                        0,
                        8,
                        0,
                        0
                    ],
                    "texture": "#3"
                }
            }
        },
        {
            "from": [
                7.25,
                8,
                3.5
            ],
            "to": [
                7.28,
                11,
                5.5
            ],
            "rotation": {
                "angle": 0,
                "axis": "y",
                "origin": [
                    7.25,
                    8,
                    3.5
                ]
            },
            "faces": {
                "east": {
                    "uv": [
                        8,
                        0,
                        0,
                        12
                    ],
                    "texture": "#3"
                },
                "west": {
                    "uv": [
                        0,
                        0,
                        8,
                        12
                    ],
                    "texture": "#3"
                },
                "down": {
                    "uv": [
                        0,
                        0,
                        0,
                        8
                    ],
                    "texture": "#3"
                }
            }
        },
        {
            "from": [
                8.75,
                7.5,
                6
            ],
            "to": [
                8.78,
                10.5,
                8
            ],
            "rotation": {
                "angle": 0,
                "axis": "y",
                "origin": [
                    8.75,
                    7.5,
                    6
                ]
            },
            "faces": {
                "east": {
                    "uv": [
                        8,
                        0,
                        0,
                        12
                    ],
                    "texture": "#3"
                },
                "west": {
                    "uv": [
                        0,
                        0,
                        8,
                        12
                    ],
                    "texture": "#3"
                },
                "down": {
                    "uv": [
                        0,
                        0,
                        0,
                        8
                    ],
                    "texture": "#3"
                }
            }
        },
        {
            "from": [
                8.2,
                6.9,
                7.475
            ],
            "to": [
                8.8,
                7.9,
                8.475
            ],
            "rotation": {
                "angle": -45,
                "axis": "x",
                "origin": [
                    8.4875,
                    7.58445,
                    7.975
                ]
            },
            "faces": {
                "north": {
                    "uv": [
                        12.66667,
                        0,
                        13.33333,
                        0.33333
                    ],
                    "rotation": 270,
                    "texture": "#5"
                },
                "east": {
                    "uv": [
                        12,
                        0.66667,
                        11.33333,
                        0
                    ],
                    "rotation": 270,
                    "texture": "#5"
                },
                "south": {
                    "uv": [
                        12,
                        12,
                        12.66667,
                        12.33333
                    ],
                    "rotation": 90,
                    "texture": "#5"
                },
                "west": {
                    "uv": [
                        1.33333,
                        11.33333,
                        0.66667,
                        12
                    ],
                    "rotation": 270,
                    "texture": "#5"
                },
                "up": {
                    "uv": [
                        0,
                        12.66667,
                        0.66667,
                        13
                    ],
                    "rotation": 90,
                    "texture": "#5"
                },
                "down": {
                    "uv": [
                        0.66667,
                        12.66667,
                        1.33333,
                        13
                    ],
                    "rotation": 90,
                    "texture": "#5"
                }
            }
        },
        {
            "from": [
                8.225,
                7.9,
                7.725
            ],
            "to": [
                8.725,
                8.9,
                8.225
            ],
            "rotation": {
                "angle": -45,
                "axis": "x",
                "origin": [
                    8.4875,
                    7.58445,
                    7.975
                ]
            },
            "faces": {
                "north": {
                    "uv": [
                        1.33333,
                        12.66667,
                        2,
                        13
                    ],
                    "rotation": 270,
                    "texture": "#5"
                },
                "east": {
                    "uv": [
                        13.33333,
                        1.66667,
                        12.66667,
                        1.33333
                    ],
                    "rotation": 270,
                    "texture": "#5"
                },
                "south": {
                    "uv": [
                        12.66667,
                        0.66667,
                        13.33333,
                        1
                    ],
                    "rotation": 90,
                    "texture": "#5"
                },
                "west": {
                    "uv": [
                        2.66667,
                        12.66667,
                        2,
                        13
                    ],
                    "rotation": 270,
                    "texture": "#5"
                },
                "up": {
                    "uv": [
                        12,
                        12.66667,
                        12.33333,
                        13
                    ],
                    "rotation": 90,
                    "texture": "#5"
                },
                "down": {
                    "uv": [
                        12.66667,
                        12,
                        13,
                        12.33333
                    ],
                    "rotation": 90,
                    "texture": "#5"
                }
            }
        },
        {
            "from": [
                8.225,
                7.23024,
                6.66402
            ],
            "to": [
                8.725,
                7.73024,
                7.66402
            ],
            "rotation": {
                "angle": -22.5,
                "axis": "x",
                "origin": [
                    8.4875,
                    7.58445,
                    7.975
                ]
            },
            "faces": {
                "north": {
                    "uv": [
                        0,
                        13.33333,
                        0.33333,
                        13.66667
                    ],
                    "rotation": 270,
                    "texture": "#5"
                },
                "east": {
                    "uv": [
                        13,
                        3.33333,
                        12.66667,
                        2.66667
                    ],
                    "rotation": 270,
                    "texture": "#5"
                },
                "south": {
                    "uv": [
                        12.66667,
                        12.66667,
                        13,
                        13
                    ],
                    "rotation": 90,
                    "texture": "#5"
                },
                "west": {
                    "uv": [
                        3.66667,
                        12.66667,
                        3.33333,
                        13.33333
                    ],
                    "rotation": 270,
                    "texture": "#5"
                },
                "up": {
                    "uv": [
                        12.66667,
                        2,
                        13.33333,
                        2.33333
                    ],
                    "rotation": 90,
                    "texture": "#5"
                },
                "down": {
                    "uv": [
                        2.66667,
                        12.66667,
                        3.33333,
                        13
                    ],
                    "rotation": 90,
                    "texture": "#5"
                }
            }
        },
        {
            "from": [
                8.225,
                7.89542,
                7.82921
            ],
            "to": [
                8.725,
                8.89542,
                8.32921
            ],
            "rotation": {
                "angle": 22.5,
                "axis": "x",
                "origin": [
                    8.4875,
                    7.58445,
                    7.975
                ]
            },
            "faces": {
                "north": {
                    "uv": [
                        13.33333,
                        2,
                        12.66667,
                        2.33333
                    ],
                    "rotation": 270,
                    "texture": "#5"
                },
                "east": {
                    "uv": [
                        13,
                        2.66667,
                        12.66667,
                        3.33333
                    ],
                    "texture": "#5"
                },
                "south": {
                    "uv": [
                        3.33333,
                        12.66667,
                        2.66667,
                        13
                    ],
                    "rotation": 90,
                    "texture": "#5"
                },
                "west": {
                    "uv": [
                        3.66667,
                        13.33333,
                        3.33333,
                        12.66667
                    ],
                    "rotation": 180,
                    "texture": "#5"
                },
                "up": {
                    "uv": [
                        0.33333,
                        13.33333,
                        0,
                        13.66667
                    ],
                    "rotation": 90,
                    "texture": "#5"
                },
                "down": {
                    "uv": [
                        13,
                        12.66667,
                        12.66667,
                        13
                    ],
                    "rotation": 90,
                    "texture": "#5"
                }
            }
        },
        {
            "from": [
                8.225,
                6.04878,
                7.8427
            ],
            "to": [
                8.725,
                7.04878,
                8.3427
            ],
            "rotation": {
                "angle": 0,
                "axis": "y",
                "origin": [
                    8.4875,
                    7.58445,
                    7.975
                ]
            },
            "faces": {
                "north": {
                    "uv": [
                        3.33333,
                        12.66667,
                        2.66667,
                        13
                    ],
                    "rotation": 270,
                    "texture": "#5"
                },
                "east": {
                    "uv": [
                        12.66667,
                        3.33333,
                        13,
                        2.66667
                    ],
                    "texture": "#5"
                },
                "south": {
                    "uv": [
                        13.33333,
                        2,
                        12.66667,
                        2.33333
                    ],
                    "rotation": 90,
                    "texture": "#5"
                },
                "west": {
                    "uv": [
                        3.33333,
                        12.66667,
                        3.66667,
                        13.33333
                    ],
                    "rotation": 180,
                    "texture": "#5"
                },
                "up": {
                    "uv": [
                        13,
                        12.66667,
                        12.66667,
                        13
                    ],
                    "rotation": 90,
                    "texture": "#5"
                },
                "down": {
                    "uv": [
                        0.33333,
                        13.33333,
                        0,
                        13.66667
                    ],
                    "rotation": 90,
                    "texture": "#5"
                }
            }
        },
        {
            "from": [
                8.225,
                7.21675,
                8.51067
            ],
            "to": [
                8.725,
                7.71675,
                9.51067
            ],
            "rotation": {
                "angle": 0,
                "axis": "y",
                "origin": [
                    8.4875,
                    7.58445,
                    7.975
                ]
            },
            "faces": {
                "north": {
                    "uv": [
                        12.66667,
                        12.66667,
                        13,
                        13
                    ],
                    "rotation": 270,
                    "texture": "#5"
                },
                "east": {
                    "uv": [
                        12.66667,
                        2.66667,
                        13,
                        3.33333
                    ],
                    "rotation": 270,
                    "texture": "#5"
                },
                "south": {
                    "uv": [
                        0,
                        13.33333,
                        0.33333,
                        13.66667
                    ],
                    "rotation": 90,
                    "texture": "#5"
                },
                "west": {
                    "uv": [
                        3.33333,
                        13.33333,
                        3.66667,
                        12.66667
                    ],
                    "rotation": 270,
                    "texture": "#5"
                },
                "up": {
                    "uv": [
                        2.66667,
                        12.66667,
                        3.33333,
                        13
                    ],
                    "rotation": 90,
                    "texture": "#5"
                },
                "down": {
                    "uv": [
                        12.66667,
                        2,
                        13.33333,
                        2.33333
                    ],
                    "rotation": 90,
                    "texture": "#5"
                }
            }
        },
        {
            "from": [
                7.985,
                8,
                5
            ],
            "to": [
                8.015,
                32,
                11
            ],
            "rotation": {
                "angle": 0,
                "axis": "y",
                "origin": [
                    7.985,
                    8,
                    4
                ]
            },
            "faces": {
                "east": {
                    "uv": [
                        4,
                        0,
                        0,
                        16
                    ],
                    "texture": "#4"
                },
                "west": {
                    "uv": [
                        0,
                        0,
                        4,
                        16
                    ],
                    "texture": "#4"
                }
            }
        }
    ],
    "gui_light": "front",
    "display": {
        "thirdperson_righthand": {
            "translation": [
                0,
                3,
                1
            ]
        },
        "thirdperson_lefthand": {
            "translation": [
                0,
                3,
                1
            ]
        },
        "firstperson_righthand": {
            "rotation": [
                -10,
                0,
                0
            ],
            "translation": [
                0,
                5,
                1.5
            ]
        },
        "firstperson_lefthand": {
            "rotation": [
                -10,
                0,
                0
            ],
            "translation": [
                0,
                5,
                1.5
            ]
        },
        "ground": {
            "rotation": [
                -45,
                0,
                0
            ],
            "translation": [
                0,
                9.75,
                0
            ]
        },
        "gui": {
            "rotation": [
                -90,
                45,
                90
            ],
            "translation": [
                2.75,
                -3.5,
                0
            ],
            "scale": [
                0.69336,
                0.69336,
                0.69336
            ]
        },
        "head": {
            "rotation": [
                90,
                -90,
                90
            ],
            "scale": [
                1.5,
                1.5,
                1.5
            ]
        },
        "fixed": {
            "rotation": [
                0,
                -90,
                0
            ],
            "translation": [
                0,
                -14.5,
                -1.75
            ],
            "scale": [
                2.5,
                2.5,
                2.5
            ]
        }
    }
}