{
    "credit": "Made by PolygonMC",
    "texture_size": [
        8,
        8
    ],
    "textures": {
        "1": "fatalmc:item/summer/animations/spin_animations",
        "3": "fatalmc:item/summer/animations/bubble_1",
        "4": "fatalmc:item/summer/animations/animations_pickaxe",
        "6": "fatalmc:item/summer/pickaxe",
        "particle": "fatalmc:item/summer/animations/bubble_1"
    },
    "elements": [
        {
            "from": [
                7.385,
                -0.115,
                7.31
            ],
            "to": [
                8.615,
                1.115,
                8.54
            ],
            "rotation": {
                "angle": -22.5,
                "axis": "x",
                "origin": [
                    8,
                    0.5,
                    7.925
                ]
            },
            "faces": {
                "north": {
                    "uv": [
                        1.6,
                        8,
                        2.6,
                        9
                    ],
                    "texture": "#6"
                },
                "east": {
                    "uv": [
                        8,
                        3.2,
                        9,
                        4.2
                    ],
                    "texture": "#6"
                },
                "south": {
                    "uv": [
                        4.8,
                        8,
                        5.8,
                        9
                    ],
                    "texture": "#6"
                },
                "west": {
                    "uv": [
                        8,
                        4.8,
                        9,
                        5.8
                    ],
                    "texture": "#6"
                },
                "up": {
                    "uv": [
                        9,
                        7.4,
                        8,
                        6.4
                    ],
                    "texture": "#6"
                },
                "down": {
                    "uv": [
                        9,
                        8,
                        8,
                        9
                    ],
                    "texture": "#6"
                }
            }
        },
        {
            "from": [
                7.135,
                0.135,
                7.56
            ],
            "to": [
                8.865,
                0.865,
                8.29
            ],
            "rotation": {
                "angle": -22.5,
                "axis": "x",
                "origin": [
                    8,
                    0.5,
                    7.925
                ]
            },
            "faces": {
                "north": {
                    "uv": [
                        9.6,
                        8,
                        11,
                        8.6
                    ],
                    "texture": "#6"
                },
                "east": {
                    "uv": [
                        1.6,
                        12,
                        2.2,
                        12.6
                    ],
                    "texture": "#6"
                },
                "south": {
                    "uv": [
                        9.6,
                        8.8,
                        11,
                        9.4
                    ],
                    "texture": "#6"
                },
                "west": {
                    "uv": [
                        12,
                        1.6,
                        12.6,
                        2.2
                    ],
                    "texture": "#6"
                },
                "up": {
                    "uv": [
                        11,
                        10.2,
                        9.6,
                        9.6
                    ],
                    "texture": "#6"
                },
                "down": {
                    "uv": [
                        11.8,
                        0,
                        10.4,
                        0.6
                    ],
                    "texture": "#6"
                }
            }
        },
        {
            "from": [
                7.5,
                0.7,
                7.45538
            ],
            "to": [
                8.5,
                2.7,
                8.45538
            ],
            "rotation": {
                "angle": 22.5,
                "axis": "x",
                "origin": [
                    7.5,
                    0.7,
                    7.45538
                ]
            },
            "faces": {
                "north": {
                    "uv": [
                        4.8,
                        0,
                        5.6,
                        1.6
                    ],
                    "texture": "#6"
                },
                "east": {
                    "uv": [
                        1.6,
                        4.8,
                        2.4,
                        6.4
                    ],
                    "texture": "#6"
                },
                "south": {
                    "uv": [
                        2.4,
                        4.8,
                        3.2,
                        6.4
                    ],
                    "texture": "#6"
                },
                "west": {
                    "uv": [
                        4.8,
                        3.2,
                        5.6,
                        4.8
                    ],
                    "texture": "#6"
                }
            }
        },
        {
            "from": [
                7.35,
                1.45,
                7.30538
            ],
            "to": [
                8.65,
                1.95,
                8.60538
            ],
            "rotation": {
                "angle": 22.5,
                "axis": "x",
                "origin": [
                    7.5,
                    0.7,
                    7.45538
                ]
            },
            "faces": {
                "north": {
                    "uv": [
                        11.2,
                        8.8,
                        12.2,
                        9.2
                    ],
                    "texture": "#6"
                },
                "east": {
                    "uv": [
                        9.6,
                        11.2,
                        10.6,
                        11.6
                    ],
                    "texture": "#6"
                },
                "south": {
                    "uv": [
                        11.2,
                        9.6,
                        12.2,
                        10
                    ],
                    "texture": "#6"
                },
                "west": {
                    "uv": [
                        11.2,
                        10.4,
                        12.2,
                        10.8
                    ],
                    "texture": "#6"
                },
                "up": {
                    "uv": [
                        9.8,
                        1,
                        8.8,
                        0
                    ],
                    "texture": "#6"
                },
                "down": {
                    "uv": [
                        9.8,
                        1.6,
                        8.8,
                        2.6
                    ],
                    "texture": "#6"
                }
            }
        },
        {
            "from": [
                7.5,
                3.78239,
                8.22074
            ],
            "to": [
                8.5,
                5.78239,
                9.22074
            ],
            "rotation": {
                "angle": -22.5,
                "axis": "x",
                "origin": [
                    7.5,
                    3.78239,
                    8.22074
                ]
            },
            "faces": {
                "north": {
                    "uv": [
                        4.8,
                        4.8,
                        5.6,
                        6.4
                    ],
                    "texture": "#6"
                },
                "east": {
                    "uv": [
                        5.6,
                        0,
                        6.4,
                        1.6
                    ],
                    "texture": "#6"
                },
                "south": {
                    "uv": [
                        5.6,
                        1.6,
                        6.4,
                        3.2
                    ],
                    "texture": "#6"
                },
                "west": {
                    "uv": [
                        3.2,
                        5.6,
                        4,
                        7.2
                    ],
                    "texture": "#6"
                }
            }
        },
        {
            "from": [
                7.35,
                4.53239,
                8.07074
            ],
            "to": [
                8.65,
                5.03239,
                9.37074
            ],
            "rotation": {
                "angle": -22.5,
                "axis": "x",
                "origin": [
                    7.5,
                    3.78239,
                    8.22074
                ]
            },
            "faces": {
                "north": {
                    "uv": [
                        11.2,
                        11.2,
                        12.2,
                        11.6
                    ],
                    "texture": "#6"
                },
                "east": {
                    "uv": [
                        0,
                        12,
                        1,
                        12.4
                    ],
                    "texture": "#6"
                },
                "south": {
                    "uv": [
                        12,
                        0,
                        13,
                        0.4
                    ],
                    "texture": "#6"
                },
                "west": {
                    "uv": [
                        12,
                        0.8,
                        13,
                        1.2
                    ],
                    "texture": "#6"
                },
                "up": {
                    "uv": [
                        1,
                        10.6,
                        0,
                        9.6
                    ],
                    "texture": "#6"
                },
                "down": {
                    "uv": [
                        2.6,
                        9.6,
                        1.6,
                        10.6
                    ],
                    "texture": "#6"
                }
            }
        },
        {
            "from": [
                7.4975,
                2.16508,
                8.14462
            ],
            "to": [
                8.5025,
                4.16508,
                9.14462
            ],
            "rotation": {
                "angle": 0,
                "axis": "y",
                "origin": [
                    7.4975,
                    2.16508,
                    8.14462
                ]
            },
            "faces": {
                "north": {
                    "uv": [
                        5.6,
                        3.2,
                        6.4,
                        4.8
                    ],
                    "texture": "#6"
                },
                "east": {
                    "uv": [
                        4,
                        5.6,
                        4.8,
                        7.2
                    ],
                    "texture": "#6"
                },
                "south": {
                    "uv": [
                        5.6,
                        4.8,
                        6.4,
                        6.4
                    ],
                    "texture": "#6"
                },
                "west": {
                    "uv": [
                        6.4,
                        0,
                        7.2,
                        1.6
                    ],
                    "texture": "#6"
                },
                "down": {
                    "uv": [
                        11.2,
                        2.4,
                        10.4,
                        3.2
                    ],
                    "texture": "#6"
                }
            }
        },
        {
            "from": [
                7.496,
                5.63015,
                7.45537
            ],
            "to": [
                8.504,
                7.13015,
                8.45537
            ],
            "rotation": {
                "angle": 0,
                "axis": "y",
                "origin": [
                    7.9985,
                    6.63015,
                    7.95537
                ]
            },
            "faces": {
                "north": {
                    "uv": [
                        6.4,
                        8,
                        7.2,
                        9.2
                    ],
                    "texture": "#6"
                },
                "east": {
                    "uv": [
                        4.8,
                        9.6,
                        5.6,
                        10.8
                    ],
                    "texture": "#6"
                },
                "south": {
                    "uv": [
                        9.6,
                        4.8,
                        10.4,
                        6
                    ],
                    "texture": "#6"
                },
                "west": {
                    "uv": [
                        5.6,
                        9.6,
                        6.4,
                        10.8
                    ],
                    "texture": "#6"
                },
                "up": {
                    "uv": [
                        10.4,
                        11.2,
                        9.6,
                        10.4
                    ],
                    "texture": "#6"
                },
                "down": {
                    "uv": [
                        11.2,
                        10.4,
                        10.4,
                        11.2
                    ],
                    "texture": "#6"
                }
            }
        },
        {
            "from": [
                7.5,
                6.86269,
                7.8
            ],
            "to": [
                8.505,
                8.86269,
                8.725
            ],
            "rotation": {
                "angle": 22.5,
                "axis": "x",
                "origin": [
                    8.0025,
                    7.86269,
                    8.3
                ]
            },
            "faces": {
                "north": {
                    "uv": [
                        1.6,
                        6.4,
                        2.4,
                        8
                    ],
                    "texture": "#6"
                },
                "east": {
                    "uv": [
                        6.4,
                        1.6,
                        7.2,
                        3.2
                    ],
                    "texture": "#6"
                },
                "south": {
                    "uv": [
                        2.4,
                        6.4,
                        3.2,
                        8
                    ],
                    "texture": "#6"
                },
                "west": {
                    "uv": [
                        6.4,
                        3.2,
                        7.2,
                        4.8
                    ],
                    "texture": "#6"
                }
            }
        },
        {
            "from": [
                7.4985,
                8.33146,
                8.7814
            ],
            "to": [
                8.5015,
                10.33146,
                9.7814
            ],
            "rotation": {
                "angle": 45,
                "axis": "x",
                "origin": [
                    8,
                    9.33146,
                    9.2814
                ]
            },
            "faces": {
                "north": {
                    "uv": [
                        4.8,
                        6.4,
                        5.6,
                        8
                    ],
                    "texture": "#6"
                },
                "east": {
                    "uv": [
                        6.4,
                        4.8,
                        7.2,
                        6.4
                    ],
                    "texture": "#6"
                },
                "south": {
                    "uv": [
                        5.6,
                        6.4,
                        6.4,
                        8
                    ],
                    "texture": "#6"
                },
                "west": {
                    "uv": [
                        6.4,
                        6.4,
                        7.2,
                        8
                    ],
                    "texture": "#6"
                },
                "up": {
                    "uv": [
                        0.8,
                        12,
                        0,
                        11.2
                    ],
                    "texture": "#6"
                },
                "down": {
                    "uv": [
                        1.6,
                        11.2,
                        0.8,
                        12
                    ],
                    "texture": "#6"
                }
            }
        },
        {
            "from": [
                7.985,
                -1.5,
                6.5
            ],
            "to": [
                8.015,
                0.5,
                8.5
            ],
            "rotation": {
                "angle": -22.5,
                "axis": "x",
                "origin": [
                    7.985,
                    -0.5,
                    7.5
                ]
            },
            "faces": {
                "east": {
                    "uv": [
                        0,
                        1.6,
                        1.6,
                        3.2
                    ],
                    "rotation": 270,
                    "texture": "#6"
                },
                "west": {
                    "uv": [
                        0,
                        1.6,
                        1.6,
                        3.2
                    ],
                    "texture": "#6"
                }
            }
        },
        {
            "from": [
                7.445,
                10.28517,
                6.8617
            ],
            "to": [
                8.555,
                11.39517,
                9.5817
            ],
            "rotation": {
                "angle": -45,
                "axis": "x",
                "origin": [
                    8,
                    10.84017,
                    9.7217
                ]
            },
            "faces": {
                "north": {
                    "uv": [
                        11.2,
                        0.8,
                        12,
                        1.6
                    ],
                    "texture": "#6"
                },
                "east": {
                    "uv": [
                        3.2,
                        1.6,
                        5.4,
                        2.4
                    ],
                    "texture": "#6"
                },
                "south": {
                    "uv": [
                        1.6,
                        11.2,
                        2.4,
                        12
                    ],
                    "texture": "#6"
                },
                "west": {
                    "uv": [
                        3.2,
                        2.4,
                        5.4,
                        3.2
                    ],
                    "texture": "#6"
                },
                "up": {
                    "uv": [
                        4,
                        5.4,
                        3.2,
                        3.2
                    ],
                    "texture": "#6"
                },
                "down": {
                    "uv": [
                        4.8,
                        3.2,
                        4,
                        5.4
                    ],
                    "texture": "#6"
                }
            }
        },
        {
            "from": [
                7.556,
                10.44359,
                9.29412
            ],
            "to": [
                8.444,
                11.56959,
                10.18212
            ],
            "rotation": {
                "angle": 22.5,
                "axis": "x",
                "origin": [
                    8,
                    10.98159,
                    9.86312
                ]
            },
            "faces": {
                "north": {
                    "uv": [
                        10.4,
                        0.8,
                        11.2,
                        1.8
                    ],
                    "texture": "#6"
                },
                "east": {
                    "uv": [
                        3.2,
                        10.4,
                        4,
                        11.4
                    ],
                    "texture": "#6"
                },
                "south": {
                    "uv": [
                        4,
                        10.4,
                        4.8,
                        11.4
                    ],
                    "texture": "#6"
                },
                "west": {
                    "uv": [
                        10.4,
                        4.8,
                        11.2,
                        5.8
                    ],
                    "texture": "#6"
                },
                "up": {
                    "uv": [
                        12,
                        2.4,
                        11.2,
                        1.6
                    ],
                    "texture": "#6"
                }
            }
        },
        {
            "from": [
                7.64924,
                11.38531,
                9.6283
            ],
            "to": [
                8.35076,
                12.22235,
                10.32982
            ],
            "rotation": {
                "angle": 0,
                "axis": "y",
                "origin": [
                    8,
                    12.55383,
                    10.37906
                ]
            },
            "faces": {
                "north": {
                    "uv": [
                        2.4,
                        12,
                        3,
                        12.6
                    ],
                    "texture": "#6"
                },
                "east": {
                    "uv": [
                        12,
                        2.4,
                        12.6,
                        3
                    ],
                    "texture": "#6"
                },
                "south": {
                    "uv": [
                        3.2,
                        12,
                        3.8,
                        12.6
                    ],
                    "texture": "#6"
                },
                "west": {
                    "uv": [
                        12,
                        3.2,
                        12.6,
                        3.8
                    ],
                    "texture": "#6"
                },
                "up": {
                    "uv": [
                        4.6,
                        12.6,
                        4,
                        12
                    ],
                    "texture": "#6"
                }
            }
        },
        {
            "from": [
                7.556,
                8.03074,
                6.91101
            ],
            "to": [
                8.444,
                9.15674,
                7.79901
            ],
            "rotation": {
                "angle": 22.5,
                "axis": "x",
                "origin": [
                    8,
                    7.96092,
                    7.41705
                ]
            },
            "faces": {
                "north": {
                    "uv": [
                        6.4,
                        10.4,
                        7.2,
                        11.4
                    ],
                    "texture": "#6"
                },
                "east": {
                    "uv": [
                        7.2,
                        10.4,
                        8,
                        11.4
                    ],
                    "texture": "#6"
                },
                "south": {
                    "uv": [
                        8,
                        10.4,
                        8.8,
                        11.4
                    ],
                    "texture": "#6"
                },
                "west": {
                    "uv": [
                        8.8,
                        10.4,
                        9.6,
                        11.4
                    ],
                    "texture": "#6"
                },
                "down": {
                    "uv": [
                        3.2,
                        11.2,
                        2.4,
                        12
                    ],
                    "texture": "#6"
                }
            }
        },
        {
            "from": [
                7.64924,
                7.39949,
                7.05428
            ],
            "to": [
                8.35076,
                8.23653,
                7.7558
            ],
            "rotation": {
                "angle": 0,
                "axis": "y",
                "origin": [
                    8,
                    7.96092,
                    7.41705
                ]
            },
            "faces": {
                "north": {
                    "uv": [
                        12,
                        4,
                        12.6,
                        4.6
                    ],
                    "texture": "#6"
                },
                "east": {
                    "uv": [
                        4.8,
                        12,
                        5.4,
                        12.6
                    ],
                    "texture": "#6"
                },
                "south": {
                    "uv": [
                        12,
                        4.8,
                        12.6,
                        5.4
                    ],
                    "texture": "#6"
                },
                "west": {
                    "uv": [
                        5.6,
                        12,
                        6.2,
                        12.6
                    ],
                    "texture": "#6"
                },
                "down": {
                    "uv": [
                        7,
                        12,
                        6.4,
                        12.6
                    ],
                    "texture": "#6"
                }
            }
        },
        {
            "from": [
                7.86,
                5.8,
                8.05
            ],
            "to": [
                7.89,
                7.8,
                10.05
            ],
            "rotation": {
                "angle": 45,
                "axis": "x",
                "origin": [
                    7.76,
                    5.8,
                    8.05
                ]
            },
            "faces": {
                "east": {
                    "uv": [
                        3.2,
                        1.6,
                        1.6,
                        3.2
                    ],
                    "texture": "#6"
                },
                "west": {
                    "uv": [
                        1.6,
                        1.6,
                        3.2,
                        3.2
                    ],
                    "texture": "#6"
                }
            }
        },
        {
            "from": [
                8.11,
                5.8,
                8.05
            ],
            "to": [
                8.14,
                7.8,
                10.05
            ],
            "rotation": {
                "angle": 22.5,
                "axis": "x",
                "origin": [
                    8.01,
                    5.8,
                    8.05
                ]
            },
            "faces": {
                "east": {
                    "uv": [
                        3.2,
                        1.6,
                        1.6,
                        3.2
                    ],
                    "texture": "#6"
                },
                "west": {
                    "uv": [
                        1.6,
                        1.6,
                        3.2,
                        3.2
                    ],
                    "texture": "#6"
                }
            }
        },
        {
            "from": [
                9.61,
                6.85,
                8.22
            ],
            "to": [
                10.86,
                8.1,
                8.25
            ],
            "rotation": {
                "angle": 22.5,
                "axis": "z",
                "origin": [
                    9.61,
                    8.1,
                    8.35
                ]
            },
            "faces": {
                "north": {
                    "uv": [
                        10.6,
                        3.2,
                        9.6,
                        4.2
                    ],
                    "texture": "#6"
                },
                "south": {
                    "uv": [
                        9.6,
                        3.2,
                        10.6,
                        4.2
                    ],
                    "texture": "#6"
                }
            }
        },
        {
            "from": [
                7.985,
                9.65,
                10.15
            ],
            "to": [
                8.015,
                10.9,
                11.4
            ],
            "rotation": {
                "angle": 22.5,
                "axis": "x",
                "origin": [
                    7.885,
                    9.65,
                    10.15
                ]
            },
            "faces": {
                "east": {
                    "uv": [
                        10.6,
                        3.2,
                        9.6,
                        4.2
                    ],
                    "rotation": 90,
                    "texture": "#6"
                },
                "west": {
                    "uv": [
                        9.6,
                        3.2,
                        10.6,
                        4.2
                    ],
                    "rotation": 270,
                    "texture": "#6"
                }
            }
        },
        {
            "from": [
                7,
                8.39385,
                8.18083
            ],
            "to": [
                7.5,
                11.89385,
                8.68083
            ],
            "rotation": {
                "angle": 22.5,
                "axis": "x",
                "origin": [
                    7.625,
                    10.04205,
                    8.62179
                ]
            },
            "faces": {
                "north": {
                    "uv": [
                        3.2,
                        7.2,
                        3.6,
                        10
                    ],
                    "texture": "#6"
                },
                "east": {
                    "uv": [
                        7.2,
                        3.2,
                        7.6,
                        6
                    ],
                    "texture": "#6"
                },
                "south": {
                    "uv": [
                        4,
                        7.2,
                        4.4,
                        10
                    ],
                    "texture": "#6"
                },
                "west": {
                    "uv": [
                        7.2,
                        6.4,
                        7.6,
                        9.2
                    ],
                    "texture": "#6"
                },
                "up": {
                    "uv": [
                        13.2,
                        10,
                        12.8,
                        9.6
                    ],
                    "texture": "#6"
                },
                "down": {
                    "uv": [
                        10.8,
                        12.8,
                        10.4,
                        13.2
                    ],
                    "texture": "#6"
                }
            }
        },
        {
            "from": [
                6.6475,
                11.52347,
                8.85152
            ],
            "to": [
                7.5025,
                12.12847,
                9.45652
            ],
            "rotation": {
                "angle": -22.5,
                "axis": "x",
                "origin": [
                    7.25,
                    11.82597,
                    9.15402
                ]
            },
            "faces": {
                "north": {
                    "uv": [
                        12.8,
                        8,
                        13.4,
                        8.4
                    ],
                    "texture": "#6"
                },
                "east": {
                    "uv": [
                        12.8,
                        10.4,
                        13.2,
                        10.8
                    ],
                    "texture": "#6"
                },
                "south": {
                    "uv": [
                        8.8,
                        12.8,
                        9.4,
                        13.2
                    ],
                    "texture": "#6"
                },
                "west": {
                    "uv": [
                        11.2,
                        12.8,
                        11.6,
                        13.2
                    ],
                    "texture": "#6"
                },
                "up": {
                    "uv": [
                        13.4,
                        9.2,
                        12.8,
                        8.8
                    ],
                    "texture": "#6"
                },
                "down": {
                    "uv": [
                        10.2,
                        12.8,
                        9.6,
                        13.2
                    ],
                    "texture": "#6"
                }
            }
        },
        {
            "from": [
                8.02918,
                7.9637,
                7.975
            ],
            "to": [
                9.52918,
                8.4637,
                8.475
            ],
            "rotation": {
                "angle": 22.5,
                "axis": "z",
                "origin": [
                    9.72757,
                    8.76974,
                    8.2875
                ]
            },
            "faces": {
                "north": {
                    "uv": [
                        11.2,
                        5.6,
                        12.4,
                        6
                    ],
                    "texture": "#6"
                },
                "east": {
                    "uv": [
                        12.8,
                        11.2,
                        13.2,
                        11.6
                    ],
                    "texture": "#6"
                },
                "south": {
                    "uv": [
                        11.2,
                        6.4,
                        12.4,
                        6.8
                    ],
                    "texture": "#6"
                },
                "west": {
                    "uv": [
                        12,
                        12.8,
                        12.4,
                        13.2
                    ],
                    "texture": "#6"
                },
                "up": {
                    "uv": [
                        12.4,
                        7.6,
                        11.2,
                        7.2
                    ],
                    "texture": "#6"
                },
                "down": {
                    "uv": [
                        12.4,
                        8,
                        11.2,
                        8.4
                    ],
                    "texture": "#6"
                }
            }
        },
        {
            "from": [
                9.65725,
                8.0595,
                7.975
            ],
            "to": [
                10.15725,
                9.0595,
                8.475
            ],
            "rotation": {
                "angle": -22.5,
                "axis": "z",
                "origin": [
                    9.72757,
                    8.76974,
                    8.2875
                ]
            },
            "faces": {
                "north": {
                    "uv": [
                        12.8,
                        2.4,
                        13.2,
                        3.2
                    ],
                    "texture": "#6"
                },
                "east": {
                    "uv": [
                        3.2,
                        12.8,
                        3.6,
                        13.6
                    ],
                    "texture": "#6"
                },
                "south": {
                    "uv": [
                        12.8,
                        3.2,
                        13.2,
                        4
                    ],
                    "texture": "#6"
                },
                "west": {
                    "uv": [
                        4,
                        12.8,
                        4.4,
                        13.6
                    ],
                    "texture": "#6"
                },
                "up": {
                    "uv": [
                        13.2,
                        12.4,
                        12.8,
                        12
                    ],
                    "texture": "#6"
                },
                "down": {
                    "uv": [
                        13.2,
                        12.8,
                        12.8,
                        13.2
                    ],
                    "texture": "#6"
                }
            }
        },
        {
            "from": [
                7.75,
                10.675,
                4.45
            ],
            "to": [
                8.25,
                11.675,
                9.7
            ],
            "rotation": {
                "angle": 0,
                "axis": "y",
                "origin": [
                    7.75,
                    10.675,
                    6.45
                ]
            },
            "faces": {
                "east": {
                    "uv": [
                        0,
                        0,
                        4.2,
                        0.8
                    ],
                    "texture": "#6"
                },
                "west": {
                    "uv": [
                        0,
                        0.8,
                        4.2,
                        1.6
                    ],
                    "texture": "#6"
                },
                "up": {
                    "uv": [
                        0.4,
                        9,
                        0,
                        4.8
                    ],
                    "texture": "#6"
                },
                "down": {
                    "uv": [
                        1.2,
                        4.8,
                        0.8,
                        9
                    ],
                    "texture": "#6"
                }
            }
        },
        {
            "from": [
                7.75,
                9.90963,
                3.60224
            ],
            "to": [
                8.25,
                10.90963,
                4.60224
            ],
            "rotation": {
                "angle": -22.5,
                "axis": "x",
                "origin": [
                    7.75,
                    10.90963,
                    2.60224
                ]
            },
            "faces": {
                "east": {
                    "uv": [
                        11.2,
                        2.4,
                        12,
                        3.2
                    ],
                    "texture": "#6"
                },
                "west": {
                    "uv": [
                        11.2,
                        3.2,
                        12,
                        4
                    ],
                    "texture": "#6"
                },
                "up": {
                    "uv": [
                        13.2,
                        4.8,
                        12.8,
                        4
                    ],
                    "texture": "#6"
                },
                "down": {
                    "uv": [
                        5.2,
                        12.8,
                        4.8,
                        13.6
                    ],
                    "texture": "#6"
                }
            }
        },
        {
            "from": [
                7.75,
                8.8781,
                3.11191
            ],
            "to": [
                8.25,
                9.8781,
                4.11191
            ],
            "rotation": {
                "angle": -45,
                "axis": "x",
                "origin": [
                    7.75,
                    9.8781,
                    2.11191
                ]
            },
            "faces": {
                "east": {
                    "uv": [
                        11.2,
                        4,
                        12,
                        4.8
                    ],
                    "texture": "#6"
                },
                "west": {
                    "uv": [
                        4.8,
                        11.2,
                        5.6,
                        12
                    ],
                    "texture": "#6"
                },
                "up": {
                    "uv": [
                        13.2,
                        5.6,
                        12.8,
                        4.8
                    ],
                    "texture": "#6"
                },
                "down": {
                    "uv": [
                        6,
                        12.8,
                        5.6,
                        13.6
                    ],
                    "texture": "#6"
                }
            }
        },
        {
            "from": [
                7.75,
                9.73745,
                2.05365
            ],
            "to": [
                8.25,
                10.73745,
                3.05365
            ],
            "rotation": {
                "angle": 22.5,
                "axis": "x",
                "origin": [
                    7.75,
                    8.73745,
                    2.05365
                ]
            },
            "faces": {
                "north": {
                    "uv": [
                        12.8,
                        5.6,
                        13.2,
                        6.4
                    ],
                    "texture": "#6"
                },
                "east": {
                    "uv": [
                        11.2,
                        4.8,
                        12,
                        5.6
                    ],
                    "texture": "#6"
                },
                "south": {
                    "uv": [
                        6.4,
                        12.8,
                        6.8,
                        13.6
                    ],
                    "texture": "#6"
                },
                "west": {
                    "uv": [
                        5.6,
                        11.2,
                        6.4,
                        12
                    ],
                    "texture": "#6"
                },
                "down": {
                    "uv": [
                        13.2,
                        6.4,
                        12.8,
                        7.2
                    ],
                    "texture": "#6"
                }
            }
        },
        {
            "from": [
                7,
                11.76913,
                6.6425
            ],
            "to": [
                9,
                12.76913,
                8.6425
            ],
            "rotation": {
                "angle": 0,
                "axis": "y",
                "origin": [
                    8,
                    12.14413,
                    7.15
                ]
            },
            "faces": {
                "north": {
                    "uv": [
                        7.2,
                        0,
                        8.8,
                        0.8
                    ],
                    "texture": "#6"
                },
                "east": {
                    "uv": [
                        7.2,
                        0.8,
                        8.8,
                        1.6
                    ],
                    "texture": "#6"
                },
                "south": {
                    "uv": [
                        7.2,
                        1.6,
                        8.8,
                        2.4
                    ],
                    "texture": "#6"
                },
                "west": {
                    "uv": [
                        7.2,
                        2.4,
                        8.8,
                        3.2
                    ],
                    "texture": "#6"
                },
                "up": {
                    "uv": [
                        1.6,
                        4.8,
                        0,
                        3.2
                    ],
                    "texture": "#6"
                },
                "down": {
                    "uv": [
                        3.2,
                        3.2,
                        1.6,
                        4.8
                    ],
                    "texture": "#6"
                }
            }
        },
        {
            "from": [
                8.45923,
                11.13958,
                6.6425
            ],
            "to": [
                8.48923,
                11.88958,
                8.6425
            ],
            "rotation": {
                "angle": -45,
                "axis": "z",
                "origin": [
                    8.47423,
                    11.51458,
                    7.6425
                ]
            },
            "faces": {
                "east": {
                    "uv": [
                        6.4,
                        9.6,
                        8,
                        10.2
                    ],
                    "texture": "#6"
                },
                "west": {
                    "uv": [
                        9.6,
                        6.4,
                        11.2,
                        7
                    ],
                    "texture": "#6"
                }
            }
        },
        {
            "from": [
                7.51077,
                11.13958,
                6.6425
            ],
            "to": [
                7.54077,
                11.88958,
                8.6425
            ],
            "rotation": {
                "angle": 45,
                "axis": "z",
                "origin": [
                    7.52577,
                    11.51458,
                    7.6425
                ]
            },
            "faces": {
                "east": {
                    "uv": [
                        9.6,
                        7.2,
                        11.2,
                        7.8
                    ],
                    "texture": "#6"
                },
                "west": {
                    "uv": [
                        8,
                        9.6,
                        9.6,
                        10.2
                    ],
                    "texture": "#6"
                }
            }
        },
        {
            "from": [
                7,
                12.76913,
                6.6425
            ],
            "to": [
                9,
                13.01913,
                6.6725
            ],
            "rotation": {
                "angle": 0,
                "axis": "y",
                "origin": [
                    8,
                    12.14413,
                    7.15
                ]
            },
            "faces": {
                "north": {
                    "uv": [
                        7.2,
                        12.8,
                        8.8,
                        13
                    ],
                    "texture": "#6"
                },
                "south": {
                    "uv": [
                        12.8,
                        7.2,
                        14.4,
                        7.4
                    ],
                    "texture": "#6"
                }
            }
        },
        {
            "from": [
                9,
                11.91913,
                6.1425
            ],
            "to": [
                9.75,
                12.66913,
                6.8925
            ],
            "rotation": {
                "angle": 0,
                "axis": "y",
                "origin": [
                    8,
                    12.14413,
                    7.15
                ]
            },
            "faces": {
                "north": {
                    "uv": [
                        7.2,
                        12,
                        7.8,
                        12.6
                    ],
                    "texture": "#6"
                },
                "east": {
                    "uv": [
                        8,
                        12,
                        8.6,
                        12.6
                    ],
                    "texture": "#6"
                },
                "south": {
                    "uv": [
                        8.8,
                        12,
                        9.4,
                        12.6
                    ],
                    "texture": "#6"
                },
                "west": {
                    "uv": [
                        9.6,
                        12,
                        10.2,
                        12.6
                    ],
                    "texture": "#6"
                },
                "up": {
                    "uv": [
                        11,
                        12.6,
                        10.4,
                        12
                    ],
                    "texture": "#6"
                },
                "down": {
                    "uv": [
                        11.8,
                        12,
                        11.2,
                        12.6
                    ],
                    "texture": "#6"
                }
            }
        },
        {
            "from": [
                6.25,
                12.16913,
                6.1425
            ],
            "to": [
                7,
                12.91913,
                6.8925
            ],
            "rotation": {
                "angle": 22.5,
                "axis": "x",
                "origin": [
                    6.625,
                    12.54413,
                    6.5175
                ]
            },
            "faces": {
                "north": {
                    "uv": [
                        12,
                        12,
                        12.6,
                        12.6
                    ],
                    "texture": "#6"
                },
                "east": {
                    "uv": [
                        0,
                        12.8,
                        0.6,
                        13.4
                    ],
                    "texture": "#6"
                },
                "south": {
                    "uv": [
                        0.8,
                        12.8,
                        1.4,
                        13.4
                    ],
                    "texture": "#6"
                },
                "west": {
                    "uv": [
                        1.6,
                        12.8,
                        2.2,
                        13.4
                    ],
                    "texture": "#6"
                },
                "up": {
                    "uv": [
                        13.4,
                        2.2,
                        12.8,
                        1.6
                    ],
                    "texture": "#6"
                },
                "down": {
                    "uv": [
                        3,
                        12.8,
                        2.4,
                        13.4
                    ],
                    "texture": "#6"
                }
            }
        },
        {
            "from": [
                6.85,
                12.7,
                3.8
            ],
            "to": [
                6.88,
                15.95,
                7.05
            ],
            "rotation": {
                "angle": 22.5,
                "axis": "x",
                "origin": [
                    0,
                    3.725,
                    1
                ]
            },
            "faces": {
                "east": {
                    "uv": [
                        13,
                        0,
                        0,
                        13
                    ],
                    "texture": "#1"
                },
                "west": {
                    "uv": [
                        0,
                        0,
                        13,
                        13
                    ],
                    "texture": "#1"
                }
            }
        },
        {
            "from": [
                6.95,
                11.25,
                4.5
            ],
            "to": [
                6.98,
                14.25,
                6.5
            ],
            "rotation": {
                "angle": 0,
                "axis": "y",
                "origin": [
                    6.95,
                    11.25,
                    15.5
                ]
            },
            "faces": {
                "east": {
                    "uv": [
                        8,
                        0,
                        0,
                        12
                    ],
                    "texture": "#3"
                },
                "west": {
                    "uv": [
                        0,
                        0,
                        8,
                        12
                    ],
                    "texture": "#3"
                },
                "down": {
                    "uv": [
                        0,
                        0,
                        0,
                        8
                    ],
                    "texture": "#3"
                }
            }
        },
        {
            "from": [
                8.77,
                10.75,
                8.25
            ],
            "to": [
                8.8,
                13.75,
                10.25
            ],
            "rotation": {
                "angle": 0,
                "axis": "y",
                "origin": [
                    8.8,
                    10.75,
                    -0.75
                ]
            },
            "faces": {
                "east": {
                    "uv": [
                        0,
                        0,
                        8,
                        12
                    ],
                    "texture": "#3"
                },
                "west": {
                    "uv": [
                        8,
                        0,
                        0,
                        12
                    ],
                    "texture": "#3"
                },
                "down": {
                    "uv": [
                        0,
                        8,
                        0,
                        0
                    ],
                    "texture": "#3"
                }
            }
        },
        {
            "from": [
                7.985,
                7.5,
                1.8
            ],
            "to": [
                8.015,
                11,
                8.8
            ],
            "rotation": {
                "angle": 0,
                "axis": "y",
                "origin": [
                    7.985,
                    8,
                    0.8
                ]
            },
            "faces": {
                "east": {
                    "uv": [
                        14,
                        0,
                        0,
                        7
                    ],
                    "texture": "#4"
                },
                "west": {
                    "uv": [
                        0,
                        0,
                        14,
                        7
                    ],
                    "texture": "#4"
                }
            }
        }
    ],
    "gui_light": "front",
    "display": {
        "thirdperson_righthand": {
            "translation": [
                0,
                3,
                1
            ]
        },
        "thirdperson_lefthand": {
            "translation": [
                0,
                3,
                1
            ]
        },
        "firstperson_righthand": {
            "rotation": [
                -10,
                0,
                0
            ],
            "translation": [
                0,
                5,
                1.5
            ]
        },
        "firstperson_lefthand": {
            "rotation": [
                -10,
                0,
                0
            ],
            "translation": [
                0,
                5,
                1.5
            ]
        },
        "ground": {
            "rotation": [
                -45,
                0,
                0
            ],
            "translation": [
                0,
                9.75,
                0
            ]
        },
        "gui": {
            "rotation": [
                -90,
                45,
                90
            ],
            "translation": [
                -0.5,
                1.25,
                0
            ],
            "scale": [
                1.00391,
                1.00391,
                1.00391
            ]
        },
        "head": {
            "rotation": [
                90,
                -90,
                90
            ],
            "scale": [
                1.5,
                1.5,
                1.5
            ]
        },
        "fixed": {
            "rotation": [
                0,
                -90,
                0
            ],
            "translation": [
                0,
                4,
                -1.75
            ],
            "scale": [
                2.5,
                2.5,
                2.5
            ]
        }
    }
}