{
	"credit": "Made by PolygonMC",
	"texture_size": [
		24,
		24
	],
	"textures": {
		"1": "fatalmc:item/summer/animations/spin_animations",
		"3": "fatalmc:item/summer/animations/bubble_1",
		"4": "fatalmc:item/summer/shield",
		"7": "fatalmc:item/summer/weapons_theme_2",
		"particle": "fatalmc:item/summer/animations/bubble_1"
	},
	"elements": [
		{
			"from": [
				6.99733,
				2.92812,
				9.8736
			],
			"to": [
				8.22733,
				4.15812,
				11.1036
			],
			"rotation": {
				"angle": -45,
				"axis": "z",
				"origin": [
					8,
					3.1625,
					10.4886
				]
			},
			"faces": {
				"north": {
					"uv": [
						7.33333,
						6.66667,
						8.16667,
						7.5
					],
					"texture": "#7"
				},
				"east": {
					"uv": [
						4,
						7.33333,
						4.83333,
						8.16667
					],
					"texture": "#7"
				},
				"south": {
					"uv": [
						7.33333,
						4,
						8.16667,
						4.83333
					],
					"texture": "#7"
				},
				"west": {
					"uv": [
						7.33333,
						5.33333,
						8.16667,
						6.16667
					],
					"texture": "#7"
				},
				"up": {
					"uv": [
						0.83333,
						8.83333,
						0,
						8
					],
					"rotation": 90,
					"texture": "#7"
				},
				"down": {
					"uv": [
						8.83333,
						0,
						8,
						0.83333
					],
					"rotation": 270,
					"texture": "#7"
				}
			}
		},
		{
			"from": [
				7.24733,
				3.17812,
				9.6236
			],
			"to": [
				7.97733,
				3.90812,
				11.3536
			],
			"rotation": {
				"angle": -45,
				"axis": "z",
				"origin": [
					8,
					3.1625,
					10.4886
				]
			},
			"faces": {
				"north": {
					"uv": [
						12.66667,
						3.33333,
						13.16667,
						3.83333
					],
					"texture": "#7"
				},
				"east": {
					"uv": [
						10.66667,
						10,
						11.83333,
						10.5
					],
					"texture": "#7"
				},
				"south": {
					"uv": [
						12.66667,
						2.66667,
						13.16667,
						3.16667
					],
					"texture": "#7"
				},
				"west": {
					"uv": [
						10.66667,
						10.66667,
						11.83333,
						11.16667
					],
					"texture": "#7"
				},
				"up": {
					"uv": [
						3.83333,
						11.83333,
						2.66667,
						11.33333
					],
					"rotation": 90,
					"texture": "#7"
				},
				"down": {
					"uv": [
						5.16667,
						11.33333,
						4,
						11.83333
					],
					"rotation": 270,
					"texture": "#7"
				}
			}
		},
		{
			"from": [
				7.35,
				4.1625,
				9.8386
			],
			"to": [
				8.65,
				4.6625,
				11.1386
			],
			"rotation": {
				"angle": 0,
				"axis": "y",
				"origin": [
					7.5,
					0.9125,
					9.9886
				]
			},
			"faces": {
				"north": {
					"uv": [
						12.83333,
						9.33333,
						12,
						9.66667
					],
					"texture": "#7"
				},
				"east": {
					"uv": [
						12.83333,
						8.66667,
						12,
						9
					],
					"texture": "#7"
				},
				"south": {
					"uv": [
						9.5,
						12,
						8.66667,
						12.33333
					],
					"texture": "#7"
				},
				"west": {
					"uv": [
						12.83333,
						8,
						12,
						8.33333
					],
					"texture": "#7"
				},
				"up": {
					"uv": [
						2.16667,
						8,
						1.33333,
						8.83333
					],
					"rotation": 90,
					"texture": "#7"
				},
				"down": {
					"uv": [
						8.83333,
						2.16667,
						8,
						1.33333
					],
					"rotation": 270,
					"texture": "#7"
				}
			}
		},
		{
			"from": [
				7.35,
				3.0375,
				9.4136
			],
			"to": [
				8.65,
				4.3375,
				9.9136
			],
			"rotation": {
				"angle": -45,
				"axis": "z",
				"origin": [
					8,
					3.6875,
					9.0386
				]
			},
			"faces": {
				"north": {
					"uv": [
						3.5,
						10,
						2.66667,
						10.83333
					],
					"rotation": 90,
					"texture": "#7"
				},
				"east": {
					"uv": [
						10,
						12,
						10.83333,
						12.33333
					],
					"rotation": 270,
					"texture": "#7"
				},
				"south": {
					"uv": [
						10.16667,
						10.16667,
						9.33333,
						9.33333
					],
					"rotation": 90,
					"texture": "#7"
				},
				"west": {
					"uv": [
						12,
						10.66667,
						12.83333,
						11
					],
					"rotation": 90,
					"texture": "#7"
				},
				"up": {
					"uv": [
						11.33333,
						12,
						12.16667,
						12.33333
					],
					"rotation": 180,
					"texture": "#7"
				},
				"down": {
					"uv": [
						12,
						10,
						12.83333,
						10.33333
					],
					"texture": "#7"
				}
			}
		},
		{
			"from": [
				7.5,
				3.185,
				7.4136
			],
			"to": [
				8.5,
				4.19,
				9.4136
			],
			"rotation": {
				"angle": -45,
				"axis": "z",
				"origin": [
					8,
					3.6875,
					9.0386
				]
			},
			"faces": {
				"north": {
					"uv": [
						12,
						8,
						11.33333,
						8.66667
					],
					"rotation": 90,
					"texture": "#7"
				},
				"east": {
					"uv": [
						4,
						2.66667,
						4.66667,
						4
					],
					"rotation": 270,
					"texture": "#7"
				},
				"west": {
					"uv": [
						4.66667,
						2.66667,
						5.33333,
						4
					],
					"rotation": 90,
					"texture": "#7"
				},
				"up": {
					"uv": [
						4.66667,
						4,
						5.33333,
						5.33333
					],
					"rotation": 180,
					"texture": "#7"
				},
				"down": {
					"uv": [
						4,
						4,
						4.66667,
						5.33333
					],
					"texture": "#7"
				}
			}
		},
		{
			"from": [
				7.35,
				10.1625,
				9.8386
			],
			"to": [
				8.65,
				10.6625,
				11.1386
			],
			"rotation": {
				"angle": 0,
				"axis": "y",
				"origin": [
					8,
					12.2875,
					10.4886
				]
			},
			"faces": {
				"north": {
					"uv": [
						2.66667,
						12.66667,
						3.5,
						13
					],
					"texture": "#7"
				},
				"east": {
					"uv": [
						1.33333,
						12.66667,
						2.16667,
						13
					],
					"texture": "#7"
				},
				"south": {
					"uv": [
						12.66667,
						1.33333,
						13.5,
						1.66667
					],
					"texture": "#7"
				},
				"west": {
					"uv": [
						12.66667,
						2,
						13.5,
						2.33333
					],
					"texture": "#7"
				},
				"up": {
					"uv": [
						10.83333,
						6.16667,
						10,
						5.33333
					],
					"rotation": 90,
					"texture": "#7"
				},
				"down": {
					"uv": [
						10.83333,
						6.66667,
						10,
						7.5
					],
					"rotation": 270,
					"texture": "#7"
				}
			}
		},
		{
			"from": [
				7.38767,
				1.78188,
				10.4736
			],
			"to": [
				9.38767,
				3.78188,
				10.5036
			],
			"rotation": {
				"angle": -45,
				"axis": "z",
				"origin": [
					8,
					3.1625,
					10.4886
				]
			},
			"faces": {
				"north": {
					"uv": [
						2.66667,
						0,
						4,
						1.33333
					],
					"texture": "#7"
				},
				"south": {
					"uv": [
						4,
						0,
						2.66667,
						1.33333
					],
					"texture": "#7"
				}
			}
		},
		{
			"from": [
				6.99733,
				10.66688,
				9.8736
			],
			"to": [
				8.22733,
				11.89688,
				11.1036
			],
			"rotation": {
				"angle": 45,
				"axis": "z",
				"origin": [
					8,
					11.6625,
					10.4886
				]
			},
			"faces": {
				"north": {
					"uv": [
						7.33333,
						7.5,
						8.16667,
						6.66667
					],
					"texture": "#7"
				},
				"east": {
					"uv": [
						4,
						8.16667,
						4.83333,
						7.33333
					],
					"texture": "#7"
				},
				"south": {
					"uv": [
						7.33333,
						4.83333,
						8.16667,
						4
					],
					"texture": "#7"
				},
				"west": {
					"uv": [
						7.33333,
						6.16667,
						8.16667,
						5.33333
					],
					"texture": "#7"
				},
				"up": {
					"uv": [
						8.83333,
						0.83333,
						8,
						0
					],
					"rotation": 90,
					"texture": "#7"
				},
				"down": {
					"uv": [
						0.83333,
						8,
						0,
						8.83333
					],
					"rotation": 270,
					"texture": "#7"
				}
			}
		},
		{
			"from": [
				7.24733,
				10.91688,
				9.6236
			],
			"to": [
				7.97733,
				11.64688,
				11.3536
			],
			"rotation": {
				"angle": 45,
				"axis": "z",
				"origin": [
					8,
					11.6625,
					10.4886
				]
			},
			"faces": {
				"north": {
					"uv": [
						12.66667,
						3.83333,
						13.16667,
						3.33333
					],
					"texture": "#7"
				},
				"east": {
					"uv": [
						10.66667,
						10.5,
						11.83333,
						10
					],
					"texture": "#7"
				},
				"south": {
					"uv": [
						12.66667,
						3.16667,
						13.16667,
						2.66667
					],
					"texture": "#7"
				},
				"west": {
					"uv": [
						10.66667,
						11.16667,
						11.83333,
						10.66667
					],
					"texture": "#7"
				},
				"up": {
					"uv": [
						5.16667,
						11.83333,
						4,
						11.33333
					],
					"rotation": 90,
					"texture": "#7"
				},
				"down": {
					"uv": [
						3.83333,
						11.33333,
						2.66667,
						11.83333
					],
					"rotation": 270,
					"texture": "#7"
				}
			}
		},
		{
			"from": [
				6.99733,
				10.66688,
				6.5736
			],
			"to": [
				8.22733,
				11.89688,
				7.8036
			],
			"rotation": {
				"angle": 45,
				"axis": "z",
				"origin": [
					8,
					11.6625,
					7.1886
				]
			},
			"faces": {
				"north": {
					"uv": [
						7.33333,
						7.5,
						8.16667,
						6.66667
					],
					"texture": "#7"
				},
				"east": {
					"uv": [
						4,
						8.16667,
						4.83333,
						7.33333
					],
					"texture": "#7"
				},
				"south": {
					"uv": [
						7.33333,
						4.83333,
						8.16667,
						4
					],
					"texture": "#7"
				},
				"west": {
					"uv": [
						7.33333,
						6.16667,
						8.16667,
						5.33333
					],
					"texture": "#7"
				},
				"up": {
					"uv": [
						8.83333,
						0.83333,
						8,
						0
					],
					"rotation": 90,
					"texture": "#7"
				},
				"down": {
					"uv": [
						0.83333,
						8,
						0,
						8.83333
					],
					"rotation": 270,
					"texture": "#7"
				}
			}
		},
		{
			"from": [
				7.24733,
				10.91688,
				6.3236
			],
			"to": [
				7.97733,
				11.64688,
				8.0536
			],
			"rotation": {
				"angle": 45,
				"axis": "z",
				"origin": [
					8,
					11.6625,
					7.1886
				]
			},
			"faces": {
				"north": {
					"uv": [
						12.66667,
						3.83333,
						13.16667,
						3.33333
					],
					"texture": "#7"
				},
				"east": {
					"uv": [
						10.66667,
						10.5,
						11.83333,
						10
					],
					"texture": "#7"
				},
				"south": {
					"uv": [
						12.66667,
						3.16667,
						13.16667,
						2.66667
					],
					"texture": "#7"
				},
				"west": {
					"uv": [
						10.66667,
						11.16667,
						11.83333,
						10.66667
					],
					"texture": "#7"
				},
				"up": {
					"uv": [
						5.16667,
						11.83333,
						4,
						11.33333
					],
					"rotation": 90,
					"texture": "#7"
				},
				"down": {
					"uv": [
						3.83333,
						11.33333,
						2.66667,
						11.83333
					],
					"rotation": 270,
					"texture": "#7"
				}
			}
		},
		{
			"from": [
				7.35,
				10.4875,
				9.4136
			],
			"to": [
				8.65,
				11.7875,
				9.9136
			],
			"rotation": {
				"angle": 45,
				"axis": "z",
				"origin": [
					8,
					11.1375,
					9.0386
				]
			},
			"faces": {
				"north": {
					"uv": [
						2.66667,
						10,
						3.5,
						10.83333
					],
					"rotation": 90,
					"texture": "#7"
				},
				"east": {
					"uv": [
						10.83333,
						12,
						10,
						12.33333
					],
					"rotation": 270,
					"texture": "#7"
				},
				"south": {
					"uv": [
						9.33333,
						10.16667,
						10.16667,
						9.33333
					],
					"rotation": 90,
					"texture": "#7"
				},
				"west": {
					"uv": [
						12.83333,
						10.66667,
						12,
						11
					],
					"rotation": 90,
					"texture": "#7"
				},
				"up": {
					"uv": [
						12.83333,
						10,
						12,
						10.33333
					],
					"rotation": 180,
					"texture": "#7"
				},
				"down": {
					"uv": [
						12.16667,
						12,
						11.33333,
						12.33333
					],
					"texture": "#7"
				}
			}
		},
		{
			"from": [
				7.5,
				10.635,
				7.4136
			],
			"to": [
				8.5,
				11.64,
				9.4136
			],
			"rotation": {
				"angle": 45,
				"axis": "z",
				"origin": [
					8,
					11.1375,
					9.0386
				]
			},
			"faces": {
				"north": {
					"uv": [
						11.33333,
						8,
						12,
						8.66667
					],
					"rotation": 90,
					"texture": "#7"
				},
				"east": {
					"uv": [
						4.66667,
						2.66667,
						4,
						4
					],
					"rotation": 270,
					"texture": "#7"
				},
				"west": {
					"uv": [
						5.33333,
						2.66667,
						4.66667,
						4
					],
					"rotation": 90,
					"texture": "#7"
				},
				"up": {
					"uv": [
						4.66667,
						4,
						4,
						5.33333
					],
					"rotation": 180,
					"texture": "#7"
				},
				"down": {
					"uv": [
						5.33333,
						4,
						4.66667,
						5.33333
					],
					"texture": "#7"
				}
			}
		},
		{
			"from": [
				7.38767,
				11.04312,
				10.4736
			],
			"to": [
				9.38767,
				13.04312,
				10.5036
			],
			"rotation": {
				"angle": 45,
				"axis": "z",
				"origin": [
					8,
					11.6625,
					10.4886
				]
			},
			"faces": {
				"north": {
					"uv": [
						2.66667,
						1.33333,
						4,
						0
					],
					"texture": "#7"
				},
				"south": {
					"uv": [
						4,
						1.33333,
						2.66667,
						0
					],
					"texture": "#7"
				}
			}
		},
		{
			"from": [
				8.33317,
				12.20674,
				6.6336
			],
			"to": [
				9.44317,
				13.92674,
				7.7436
			],
			"rotation": {
				"angle": 22.5,
				"axis": "z",
				"origin": [
					9.13789,
					13.99844,
					7.1886
				]
			},
			"faces": {
				"north": {
					"uv": [
						6,
						6.66667,
						6.66667,
						7.83333
					],
					"texture": "#7"
				},
				"east": {
					"uv": [
						6.66667,
						4,
						7.33333,
						5.16667
					],
					"texture": "#7"
				},
				"south": {
					"uv": [
						5.33333,
						6.66667,
						6,
						7.83333
					],
					"texture": "#7"
				},
				"west": {
					"uv": [
						6.66667,
						5.33333,
						7.33333,
						6.5
					],
					"texture": "#7"
				},
				"up": {
					"uv": [
						12,
						9.33333,
						11.33333,
						8.66667
					],
					"rotation": 90,
					"texture": "#7"
				},
				"down": {
					"uv": [
						10,
						11.33333,
						9.33333,
						12
					],
					"rotation": 270,
					"texture": "#7"
				}
			}
		},
		{
			"from": [
				8.4855,
				13.61276,
				6.7446
			],
			"to": [
				9.3735,
				14.73876,
				7.6326
			],
			"rotation": {
				"angle": 0,
				"axis": "y",
				"origin": [
					9.13789,
					13.99844,
					7.1886
				]
			},
			"faces": {
				"north": {
					"uv": [
						8,
						11.33333,
						8.66667,
						12.16667
					],
					"texture": "#7"
				},
				"east": {
					"uv": [
						6.66667,
						11.33333,
						7.33333,
						12.16667
					],
					"texture": "#7"
				},
				"south": {
					"uv": [
						11.33333,
						6.66667,
						12,
						7.5
					],
					"texture": "#7"
				},
				"west": {
					"uv": [
						7.33333,
						11.33333,
						8,
						12.16667
					],
					"texture": "#7"
				},
				"up": {
					"uv": [
						10.66667,
						12,
						10,
						11.33333
					],
					"rotation": 90,
					"texture": "#7"
				}
			}
		},
		{
			"from": [
				8.30489,
				14.4153,
				6.83784
			],
			"to": [
				9.00641,
				15.25234,
				7.53936
			],
			"rotation": {
				"angle": -22.5,
				"axis": "z",
				"origin": [
					9.13789,
					13.99844,
					7.1886
				]
			},
			"faces": {
				"north": {
					"uv": [
						12.66667,
						4.66667,
						13.16667,
						5.16667
					],
					"texture": "#7"
				},
				"east": {
					"uv": [
						4,
						12.66667,
						4.5,
						13.16667
					],
					"texture": "#7"
				},
				"south": {
					"uv": [
						12.66667,
						4,
						13.16667,
						4.5
					],
					"texture": "#7"
				},
				"west": {
					"uv": [
						4.66667,
						12.66667,
						5.16667,
						13.16667
					],
					"texture": "#7"
				},
				"up": {
					"uv": [
						5.83333,
						13.16667,
						5.33333,
						12.66667
					],
					"rotation": 90,
					"texture": "#7"
				}
			}
		},
		{
			"from": [
				6.55683,
				12.20674,
				6.6336
			],
			"to": [
				7.66683,
				13.92674,
				7.7436
			],
			"rotation": {
				"angle": -22.5,
				"axis": "z",
				"origin": [
					6.86211,
					13.99844,
					7.1886
				]
			},
			"faces": {
				"north": {
					"uv": [
						6.66667,
						6.66667,
						6,
						7.83333
					],
					"texture": "#7"
				},
				"east": {
					"uv": [
						7.33333,
						5.33333,
						6.66667,
						6.5
					],
					"texture": "#7"
				},
				"south": {
					"uv": [
						6,
						6.66667,
						5.33333,
						7.83333
					],
					"texture": "#7"
				},
				"west": {
					"uv": [
						7.33333,
						4,
						6.66667,
						5.16667
					],
					"texture": "#7"
				},
				"up": {
					"uv": [
						12,
						8.66667,
						11.33333,
						9.33333
					],
					"rotation": 90,
					"texture": "#7"
				},
				"down": {
					"uv": [
						10,
						12,
						9.33333,
						11.33333
					],
					"rotation": 270,
					"texture": "#7"
				}
			}
		},
		{
			"from": [
				6.6265,
				13.61276,
				6.7446
			],
			"to": [
				7.5145,
				14.73876,
				7.6326
			],
			"rotation": {
				"angle": 0,
				"axis": "y",
				"origin": [
					6.86211,
					13.99844,
					7.1886
				]
			},
			"faces": {
				"north": {
					"uv": [
						8.66667,
						11.33333,
						8,
						12.16667
					],
					"texture": "#7"
				},
				"east": {
					"uv": [
						8,
						11.33333,
						7.33333,
						12.16667
					],
					"texture": "#7"
				},
				"south": {
					"uv": [
						12,
						6.66667,
						11.33333,
						7.5
					],
					"texture": "#7"
				},
				"west": {
					"uv": [
						7.33333,
						11.33333,
						6.66667,
						12.16667
					],
					"texture": "#7"
				},
				"up": {
					"uv": [
						10.66667,
						11.33333,
						10,
						12
					],
					"rotation": 90,
					"texture": "#7"
				}
			}
		},
		{
			"from": [
				6.99359,
				14.4153,
				6.83784
			],
			"to": [
				7.69511,
				15.25234,
				7.53936
			],
			"rotation": {
				"angle": 22.5,
				"axis": "z",
				"origin": [
					6.86211,
					13.99844,
					7.1886
				]
			},
			"faces": {
				"north": {
					"uv": [
						13.16667,
						4.66667,
						12.66667,
						5.16667
					],
					"texture": "#7"
				},
				"east": {
					"uv": [
						5.16667,
						12.66667,
						4.66667,
						13.16667
					],
					"texture": "#7"
				},
				"south": {
					"uv": [
						13.16667,
						4,
						12.66667,
						4.5
					],
					"texture": "#7"
				},
				"west": {
					"uv": [
						4.5,
						12.66667,
						4,
						13.16667
					],
					"texture": "#7"
				},
				"up": {
					"uv": [
						5.83333,
						12.66667,
						5.33333,
						13.16667
					],
					"rotation": 90,
					"texture": "#7"
				}
			}
		},
		{
			"from": [
				2.61021,
				11.32982,
				7.0486
			],
			"to": [
				4.61021,
				13.32982,
				7.0786
			],
			"rotation": {
				"angle": 22.5,
				"axis": "z",
				"origin": [
					3.83961,
					12.4831,
					7.1886
				]
			},
			"faces": {
				"north": {
					"uv": [
						2.66667,
						1.33333,
						4,
						2.66667
					],
					"texture": "#7"
				},
				"south": {
					"uv": [
						4,
						1.33333,
						2.66667,
						2.66667
					],
					"texture": "#7"
				}
			}
		},
		{
			"from": [
				2.99289,
				11.7125,
				7.2986
			],
			"to": [
				4.99289,
				13.7125,
				7.3286
			],
			"rotation": {
				"angle": 0,
				"axis": "x",
				"origin": [
					3.83961,
					12.4831,
					7.1886
				]
			},
			"faces": {
				"north": {
					"uv": [
						2.66667,
						1.33333,
						4,
						2.66667
					],
					"texture": "#7"
				},
				"south": {
					"uv": [
						4,
						1.33333,
						2.66667,
						2.66667
					],
					"texture": "#7"
				}
			}
		},
		{
			"from": [
				11.38979,
				11.32982,
				7.0486
			],
			"to": [
				13.38979,
				13.32982,
				7.0786
			],
			"rotation": {
				"angle": -22.5,
				"axis": "z",
				"origin": [
					12.16039,
					12.4831,
					7.1886
				]
			},
			"faces": {
				"north": {
					"uv": [
						4,
						1.33333,
						2.66667,
						2.66667
					],
					"texture": "#7"
				},
				"south": {
					"uv": [
						2.66667,
						1.33333,
						4,
						2.66667
					],
					"texture": "#7"
				}
			}
		},
		{
			"from": [
				11.00711,
				11.7125,
				7.2986
			],
			"to": [
				13.00711,
				13.7125,
				7.3286
			],
			"rotation": {
				"angle": 0,
				"axis": "x",
				"origin": [
					12.16039,
					12.4831,
					7.1886
				]
			},
			"faces": {
				"north": {
					"uv": [
						4,
						1.33333,
						2.66667,
						2.66667
					],
					"texture": "#7"
				},
				"south": {
					"uv": [
						2.66667,
						1.33333,
						4,
						2.66667
					],
					"texture": "#7"
				}
			}
		},
		{
			"from": [
				4.536,
				13.0284,
				6.6886
			],
			"to": [
				5.536,
				14.0284,
				7.6886
			],
			"rotation": {
				"angle": 22.5,
				"axis": "z",
				"origin": [
					6.27869,
					14.86671,
					7.1886
				]
			},
			"faces": {
				"north": {
					"uv": [
						12.66667,
						0,
						12,
						0.66667
					],
					"texture": "#7"
				},
				"east": {
					"uv": [
						0.66667,
						12,
						0,
						12.66667
					],
					"texture": "#7"
				},
				"south": {
					"uv": [
						12,
						11.33333,
						11.33333,
						12
					],
					"texture": "#7"
				},
				"west": {
					"uv": [
						11.33333,
						11.33333,
						10.66667,
						12
					],
					"texture": "#7"
				},
				"down": {
					"uv": [
						1.33333,
						12.66667,
						0.66667,
						12
					],
					"rotation": 270,
					"texture": "#7"
				}
			}
		},
		{
			"from": [
				4.88325,
				12.48182,
				6.3136
			],
			"to": [
				5.18325,
				13.48182,
				7.3136
			],
			"rotation": {
				"angle": 22.5,
				"axis": "z",
				"origin": [
					6.27869,
					14.86671,
					7.1886
				]
			},
			"faces": {
				"north": {
					"uv": [
						13.5,
						8,
						13.33333,
						8.66667
					],
					"texture": "#7"
				},
				"east": {
					"uv": [
						2,
						12,
						1.33333,
						12.66667
					],
					"texture": "#7"
				},
				"west": {
					"uv": [
						12.66667,
						0.66667,
						12,
						1.33333
					],
					"texture": "#7"
				},
				"up": {
					"uv": [
						9.33333,
						13.33333,
						8.66667,
						13.5
					],
					"rotation": 90,
					"texture": "#7"
				},
				"down": {
					"uv": [
						14,
						8.83333,
						13.33333,
						8.66667
					],
					"rotation": 270,
					"texture": "#7"
				}
			}
		},
		{
			"from": [
				4.36063,
				14.86235,
				7.0386
			],
			"to": [
				5.36063,
				15.61235,
				7.3386
			],
			"rotation": {
				"angle": 0,
				"axis": "x",
				"origin": [
					6.27869,
					14.86671,
					7.1886
				]
			},
			"faces": {
				"north": {
					"uv": [
						12.66667,
						7.33333,
						12,
						7.83333
					],
					"texture": "#7"
				},
				"south": {
					"uv": [
						12.66667,
						6.66667,
						12,
						7.16667
					],
					"texture": "#7"
				},
				"west": {
					"uv": [
						13.5,
						13.33333,
						13.33333,
						13.83333
					],
					"texture": "#7"
				},
				"up": {
					"uv": [
						9.5,
						13.33333,
						9.33333,
						14
					],
					"rotation": 90,
					"texture": "#7"
				},
				"down": {
					"uv": [
						13.5,
						10,
						13.33333,
						9.33333
					],
					"rotation": 270,
					"texture": "#7"
				}
			}
		},
		{
			"from": [
				5.79804,
				14.54507,
				6.0337
			],
			"to": [
				6.09804,
				15.29507,
				6.5337
			],
			"rotation": {
				"angle": -22.5,
				"axis": "z",
				"origin": [
					6.27869,
					14.86671,
					7.1886
				]
			},
			"faces": {
				"north": {
					"uv": [
						14.16667,
						0,
						14,
						0.5
					],
					"texture": "#7"
				},
				"east": {
					"uv": [
						6.33333,
						13.33333,
						6,
						13.83333
					],
					"texture": "#7"
				},
				"south": {
					"uv": [
						0.16667,
						14,
						0,
						14.5
					],
					"texture": "#7"
				},
				"west": {
					"uv": [
						13.66667,
						5.33333,
						13.33333,
						5.83333
					],
					"texture": "#7"
				},
				"up": {
					"uv": [
						1.66667,
						14,
						1.33333,
						14.16667
					],
					"rotation": 90,
					"texture": "#7"
				},
				"down": {
					"uv": [
						14.33333,
						1.5,
						14,
						1.33333
					],
					"rotation": 270,
					"texture": "#7"
				}
			}
		},
		{
			"from": [
				5.79804,
				14.54507,
				7.8435
			],
			"to": [
				6.09804,
				15.29507,
				8.3435
			],
			"rotation": {
				"angle": -22.5,
				"axis": "z",
				"origin": [
					6.27869,
					14.86671,
					7.1886
				]
			},
			"faces": {
				"north": {
					"uv": [
						14.16667,
						0.66667,
						14,
						1.16667
					],
					"texture": "#7"
				},
				"east": {
					"uv": [
						7,
						13.33333,
						6.66667,
						13.83333
					],
					"texture": "#7"
				},
				"south": {
					"uv": [
						0.83333,
						14,
						0.66667,
						14.5
					],
					"texture": "#7"
				},
				"west": {
					"uv": [
						13.66667,
						6,
						13.33333,
						6.5
					],
					"texture": "#7"
				},
				"up": {
					"uv": [
						2.33333,
						14,
						2,
						14.16667
					],
					"rotation": 90,
					"texture": "#7"
				},
				"down": {
					"uv": [
						14.33333,
						2.16667,
						14,
						2
					],
					"rotation": 270,
					"texture": "#7"
				}
			}
		},
		{
			"from": [
				4.88325,
				12.48182,
				7.0636
			],
			"to": [
				5.18325,
				13.48182,
				8.0636
			],
			"rotation": {
				"angle": 22.5,
				"axis": "z",
				"origin": [
					6.27869,
					14.86671,
					7.1886
				]
			},
			"faces": {
				"east": {
					"uv": [
						2.66667,
						12,
						2,
						12.66667
					],
					"texture": "#7"
				},
				"south": {
					"uv": [
						10.16667,
						13.33333,
						10,
						14
					],
					"texture": "#7"
				},
				"west": {
					"uv": [
						12.66667,
						1.33333,
						12,
						2
					],
					"texture": "#7"
				},
				"up": {
					"uv": [
						14,
						10,
						13.33333,
						10.16667
					],
					"rotation": 90,
					"texture": "#7"
				},
				"down": {
					"uv": [
						11.33333,
						13.5,
						10.66667,
						13.33333
					],
					"rotation": 270,
					"texture": "#7"
				}
			}
		},
		{
			"from": [
				4.92005,
				13.33859,
				6.5986
			],
			"to": [
				6.10005,
				14.51859,
				7.7786
			],
			"rotation": {
				"angle": 0,
				"axis": "x",
				"origin": [
					6.27869,
					14.86671,
					7.1886
				]
			},
			"faces": {
				"north": {
					"uv": [
						4.83333,
						8.66667,
						4,
						9.5
					],
					"texture": "#7"
				},
				"east": {
					"uv": [
						8.16667,
						8,
						7.33333,
						8.83333
					],
					"texture": "#7"
				},
				"south": {
					"uv": [
						6.16667,
						8,
						5.33333,
						8.83333
					],
					"texture": "#7"
				},
				"west": {
					"uv": [
						8.83333,
						2.66667,
						8,
						3.5
					],
					"texture": "#7"
				},
				"down": {
					"uv": [
						9.5,
						4.83333,
						8.66667,
						4
					],
					"rotation": 270,
					"texture": "#7"
				}
			}
		},
		{
			"from": [
				5.09431,
				14.83407,
				6.5986
			],
			"to": [
				6.27431,
				16.01407,
				7.7786
			],
			"rotation": {
				"angle": -45,
				"axis": "z",
				"origin": [
					6.27869,
					14.86671,
					7.1886
				]
			},
			"faces": {
				"north": {
					"uv": [
						9.5,
						8,
						8.66667,
						8.83333
					],
					"rotation": 90,
					"texture": "#7"
				},
				"east": {
					"uv": [
						10.16667,
						0.83333,
						9.33333,
						0
					],
					"rotation": 180,
					"texture": "#7"
				},
				"south": {
					"uv": [
						9.5,
						5.33333,
						8.66667,
						6.16667
					],
					"rotation": 270,
					"texture": "#7"
				},
				"west": {
					"uv": [
						0.83333,
						9.33333,
						0,
						10.16667
					],
					"texture": "#7"
				},
				"up": {
					"uv": [
						9.5,
						6.66667,
						8.66667,
						7.5
					],
					"rotation": 270,
					"texture": "#7"
				}
			}
		},
		{
			"from": [
				6.85492,
				15.36638,
				6.7225
			],
			"to": [
				7.78712,
				16.29858,
				7.6547
			],
			"rotation": {
				"angle": 22.5,
				"axis": "z",
				"origin": [
					6.27869,
					14.86671,
					7.1886
				]
			},
			"faces": {
				"north": {
					"uv": [
						12.66667,
						2.66667,
						12,
						3.33333
					],
					"texture": "#7"
				},
				"east": {
					"uv": [
						3.33333,
						12,
						2.66667,
						12.66667
					],
					"texture": "#7"
				},
				"south": {
					"uv": [
						12.66667,
						2,
						12,
						2.66667
					],
					"texture": "#7"
				},
				"up": {
					"uv": [
						4,
						12,
						3.33333,
						12.66667
					],
					"rotation": 90,
					"texture": "#7"
				},
				"down": {
					"uv": [
						12.66667,
						4,
						12,
						3.33333
					],
					"rotation": 270,
					"texture": "#7"
				}
			}
		},
		{
			"from": [
				7.78712,
				15.36638,
				6.9536
			],
			"to": [
				8.21932,
				15.82358,
				7.4236
			],
			"rotation": {
				"angle": 22.5,
				"axis": "z",
				"origin": [
					6.27869,
					14.86671,
					7.1886
				]
			},
			"faces": {
				"north": {
					"uv": [
						13.66667,
						11.33333,
						13.33333,
						11.66667
					],
					"texture": "#7"
				},
				"east": {
					"uv": [
						11.66667,
						13.33333,
						11.33333,
						13.66667
					],
					"texture": "#7"
				},
				"south": {
					"uv": [
						13.66667,
						10.66667,
						13.33333,
						11
					],
					"texture": "#7"
				},
				"up": {
					"uv": [
						12.33333,
						13.33333,
						12,
						13.66667
					],
					"rotation": 90,
					"texture": "#7"
				},
				"down": {
					"uv": [
						13.66667,
						12.33333,
						13.33333,
						12
					],
					"rotation": 270,
					"texture": "#7"
				}
			}
		},
		{
			"from": [
				5.14179,
				13.98527,
				6.5337
			],
			"to": [
				6.45159,
				15.29507,
				7.8435
			],
			"rotation": {
				"angle": -22.5,
				"axis": "z",
				"origin": [
					6.27869,
					14.86671,
					7.1886
				]
			},
			"faces": {
				"north": {
					"uv": [
						6.16667,
						9.33333,
						5.33333,
						10.16667
					],
					"texture": "#7"
				},
				"east": {
					"uv": [
						10.16667,
						2.66667,
						9.33333,
						3.5
					],
					"texture": "#7"
				},
				"south": {
					"uv": [
						10.16667,
						1.33333,
						9.33333,
						2.16667
					],
					"texture": "#7"
				},
				"west": {
					"uv": [
						2.16667,
						9.33333,
						1.33333,
						10.16667
					],
					"texture": "#7"
				},
				"up": {
					"uv": [
						7.5,
						9.33333,
						6.66667,
						10.16667
					],
					"rotation": 90,
					"texture": "#7"
				},
				"down": {
					"uv": [
						8.83333,
						10.16667,
						8,
						9.33333
					],
					"rotation": 270,
					"texture": "#7"
				}
			}
		},
		{
			"from": [
				10.464,
				13.0284,
				6.6886
			],
			"to": [
				11.464,
				14.0284,
				7.6886
			],
			"rotation": {
				"angle": -22.5,
				"axis": "z",
				"origin": [
					9.72131,
					14.86671,
					7.1886
				]
			},
			"faces": {
				"north": {
					"uv": [
						12,
						0,
						12.66667,
						0.66667
					],
					"texture": "#7"
				},
				"east": {
					"uv": [
						10.66667,
						11.33333,
						11.33333,
						12
					],
					"texture": "#7"
				},
				"south": {
					"uv": [
						11.33333,
						11.33333,
						12,
						12
					],
					"texture": "#7"
				},
				"west": {
					"uv": [
						0,
						12,
						0.66667,
						12.66667
					],
					"texture": "#7"
				},
				"down": {
					"uv": [
						1.33333,
						12,
						0.66667,
						12.66667
					],
					"rotation": 270,
					"texture": "#7"
				}
			}
		},
		{
			"from": [
				10.81675,
				12.48182,
				6.3136
			],
			"to": [
				11.11675,
				13.48182,
				7.3136
			],
			"rotation": {
				"angle": -22.5,
				"axis": "z",
				"origin": [
					9.72131,
					14.86671,
					7.1886
				]
			},
			"faces": {
				"north": {
					"uv": [
						13.33333,
						8,
						13.5,
						8.66667
					],
					"texture": "#7"
				},
				"east": {
					"uv": [
						12,
						0.66667,
						12.66667,
						1.33333
					],
					"texture": "#7"
				},
				"west": {
					"uv": [
						1.33333,
						12,
						2,
						12.66667
					],
					"texture": "#7"
				},
				"up": {
					"uv": [
						9.33333,
						13.5,
						8.66667,
						13.33333
					],
					"rotation": 90,
					"texture": "#7"
				},
				"down": {
					"uv": [
						14,
						8.66667,
						13.33333,
						8.83333
					],
					"rotation": 270,
					"texture": "#7"
				}
			}
		},
		{
			"from": [
				10.63937,
				14.86235,
				7.0386
			],
			"to": [
				11.63937,
				15.61235,
				7.3386
			],
			"rotation": {
				"angle": 0,
				"axis": "x",
				"origin": [
					9.72131,
					14.86671,
					7.1886
				]
			},
			"faces": {
				"north": {
					"uv": [
						12,
						7.33333,
						12.66667,
						7.83333
					],
					"texture": "#7"
				},
				"east": {
					"uv": [
						13.33333,
						13.33333,
						13.5,
						13.83333
					],
					"texture": "#7"
				},
				"south": {
					"uv": [
						12,
						6.66667,
						12.66667,
						7.16667
					],
					"texture": "#7"
				},
				"up": {
					"uv": [
						9.5,
						14,
						9.33333,
						13.33333
					],
					"rotation": 90,
					"texture": "#7"
				},
				"down": {
					"uv": [
						13.5,
						9.33333,
						13.33333,
						10
					],
					"rotation": 270,
					"texture": "#7"
				}
			}
		},
		{
			"from": [
				9.90196,
				14.54507,
				6.0337
			],
			"to": [
				10.20196,
				15.29507,
				6.5337
			],
			"rotation": {
				"angle": 22.5,
				"axis": "z",
				"origin": [
					9.72131,
					14.86671,
					7.1886
				]
			},
			"faces": {
				"north": {
					"uv": [
						14,
						0,
						14.16667,
						0.5
					],
					"texture": "#7"
				},
				"east": {
					"uv": [
						13.33333,
						5.33333,
						13.66667,
						5.83333
					],
					"texture": "#7"
				},
				"south": {
					"uv": [
						0,
						14,
						0.16667,
						14.5
					],
					"texture": "#7"
				},
				"west": {
					"uv": [
						6,
						13.33333,
						6.33333,
						13.83333
					],
					"texture": "#7"
				},
				"up": {
					"uv": [
						1.66667,
						14.16667,
						1.33333,
						14
					],
					"rotation": 90,
					"texture": "#7"
				},
				"down": {
					"uv": [
						14.33333,
						1.33333,
						14,
						1.5
					],
					"rotation": 270,
					"texture": "#7"
				}
			}
		},
		{
			"from": [
				9.90196,
				14.54507,
				7.8435
			],
			"to": [
				10.20196,
				15.29507,
				8.3435
			],
			"rotation": {
				"angle": 22.5,
				"axis": "z",
				"origin": [
					9.72131,
					14.86671,
					7.1886
				]
			},
			"faces": {
				"north": {
					"uv": [
						14,
						0.66667,
						14.16667,
						1.16667
					],
					"texture": "#7"
				},
				"east": {
					"uv": [
						13.33333,
						6,
						13.66667,
						6.5
					],
					"texture": "#7"
				},
				"south": {
					"uv": [
						0.66667,
						14,
						0.83333,
						14.5
					],
					"texture": "#7"
				},
				"west": {
					"uv": [
						6.66667,
						13.33333,
						7,
						13.83333
					],
					"texture": "#7"
				},
				"up": {
					"uv": [
						2.33333,
						14.16667,
						2,
						14
					],
					"rotation": 90,
					"texture": "#7"
				},
				"down": {
					"uv": [
						14.33333,
						2,
						14,
						2.16667
					],
					"rotation": 270,
					"texture": "#7"
				}
			}
		},
		{
			"from": [
				10.81675,
				12.48182,
				7.0636
			],
			"to": [
				11.11675,
				13.48182,
				8.0636
			],
			"rotation": {
				"angle": -22.5,
				"axis": "z",
				"origin": [
					9.72131,
					14.86671,
					7.1886
				]
			},
			"faces": {
				"east": {
					"uv": [
						12,
						1.33333,
						12.66667,
						2
					],
					"texture": "#7"
				},
				"south": {
					"uv": [
						10,
						13.33333,
						10.16667,
						14
					],
					"texture": "#7"
				},
				"west": {
					"uv": [
						2,
						12,
						2.66667,
						12.66667
					],
					"texture": "#7"
				},
				"up": {
					"uv": [
						14,
						10.16667,
						13.33333,
						10
					],
					"rotation": 90,
					"texture": "#7"
				},
				"down": {
					"uv": [
						11.33333,
						13.33333,
						10.66667,
						13.5
					],
					"rotation": 270,
					"texture": "#7"
				}
			}
		},
		{
			"from": [
				9.89995,
				13.33859,
				6.5986
			],
			"to": [
				11.07995,
				14.51859,
				7.7786
			],
			"rotation": {
				"angle": 0,
				"axis": "x",
				"origin": [
					9.72131,
					14.86671,
					7.1886
				]
			},
			"faces": {
				"north": {
					"uv": [
						4,
						8.66667,
						4.83333,
						9.5
					],
					"texture": "#7"
				},
				"east": {
					"uv": [
						8,
						2.66667,
						8.83333,
						3.5
					],
					"texture": "#7"
				},
				"south": {
					"uv": [
						5.33333,
						8,
						6.16667,
						8.83333
					],
					"texture": "#7"
				},
				"west": {
					"uv": [
						7.33333,
						8,
						8.16667,
						8.83333
					],
					"texture": "#7"
				},
				"down": {
					"uv": [
						9.5,
						4,
						8.66667,
						4.83333
					],
					"rotation": 270,
					"texture": "#7"
				}
			}
		},
		{
			"from": [
				9.72569,
				14.83407,
				6.5986
			],
			"to": [
				10.90569,
				16.01407,
				7.7786
			],
			"rotation": {
				"angle": 45,
				"axis": "z",
				"origin": [
					9.72131,
					14.86671,
					7.1886
				]
			},
			"faces": {
				"north": {
					"uv": [
						9.5,
						8.83333,
						8.66667,
						8
					],
					"rotation": 90,
					"texture": "#7"
				},
				"east": {
					"uv": [
						0,
						9.33333,
						0.83333,
						10.16667
					],
					"texture": "#7"
				},
				"south": {
					"uv": [
						9.5,
						6.16667,
						8.66667,
						5.33333
					],
					"rotation": 270,
					"texture": "#7"
				},
				"west": {
					"uv": [
						9.33333,
						0.83333,
						10.16667,
						0
					],
					"rotation": 180,
					"texture": "#7"
				},
				"up": {
					"uv": [
						9.5,
						7.5,
						8.66667,
						6.66667
					],
					"rotation": 270,
					"texture": "#7"
				}
			}
		},
		{
			"from": [
				8.21288,
				15.36638,
				6.7225
			],
			"to": [
				9.14508,
				16.29858,
				7.6547
			],
			"rotation": {
				"angle": -22.5,
				"axis": "z",
				"origin": [
					9.72131,
					14.86671,
					7.1886
				]
			},
			"faces": {
				"north": {
					"uv": [
						12,
						2.66667,
						12.66667,
						3.33333
					],
					"texture": "#7"
				},
				"south": {
					"uv": [
						12,
						2,
						12.66667,
						2.66667
					],
					"texture": "#7"
				},
				"west": {
					"uv": [
						2.66667,
						12,
						3.33333,
						12.66667
					],
					"texture": "#7"
				},
				"up": {
					"uv": [
						4,
						12.66667,
						3.33333,
						12
					],
					"rotation": 90,
					"texture": "#7"
				},
				"down": {
					"uv": [
						12.66667,
						3.33333,
						12,
						4
					],
					"rotation": 270,
					"texture": "#7"
				}
			}
		},
		{
			"from": [
				7.78068,
				15.36638,
				6.9536
			],
			"to": [
				8.21288,
				15.82358,
				7.4236
			],
			"rotation": {
				"angle": -22.5,
				"axis": "z",
				"origin": [
					9.72131,
					14.86671,
					7.1886
				]
			},
			"faces": {
				"north": {
					"uv": [
						13.33333,
						11.33333,
						13.66667,
						11.66667
					],
					"texture": "#7"
				},
				"south": {
					"uv": [
						13.33333,
						10.66667,
						13.66667,
						11
					],
					"texture": "#7"
				},
				"west": {
					"uv": [
						11.33333,
						13.33333,
						11.66667,
						13.66667
					],
					"texture": "#7"
				},
				"up": {
					"uv": [
						12.33333,
						13.66667,
						12,
						13.33333
					],
					"rotation": 90,
					"texture": "#7"
				},
				"down": {
					"uv": [
						13.66667,
						12,
						13.33333,
						12.33333
					],
					"rotation": 270,
					"texture": "#7"
				}
			}
		},
		{
			"from": [
				9.54841,
				13.98527,
				6.5337
			],
			"to": [
				10.85821,
				15.29507,
				7.8435
			],
			"rotation": {
				"angle": 22.5,
				"axis": "z",
				"origin": [
					9.72131,
					14.86671,
					7.1886
				]
			},
			"faces": {
				"north": {
					"uv": [
						5.33333,
						9.33333,
						6.16667,
						10.16667
					],
					"texture": "#7"
				},
				"east": {
					"uv": [
						1.33333,
						9.33333,
						2.16667,
						10.16667
					],
					"texture": "#7"
				},
				"south": {
					"uv": [
						9.33333,
						1.33333,
						10.16667,
						2.16667
					],
					"texture": "#7"
				},
				"west": {
					"uv": [
						9.33333,
						2.66667,
						10.16667,
						3.5
					],
					"texture": "#7"
				},
				"up": {
					"uv": [
						7.5,
						10.16667,
						6.66667,
						9.33333
					],
					"rotation": 90,
					"texture": "#7"
				},
				"down": {
					"uv": [
						8.83333,
						9.33333,
						8,
						10.16667
					],
					"rotation": 270,
					"texture": "#7"
				}
			}
		},
		{
			"from": [
				13.05583,
				8.68135,
				6.4386
			],
			"to": [
				13.55583,
				12.18135,
				6.9386
			],
			"rotation": {
				"angle": -22.5,
				"axis": "z",
				"origin": [
					13.42179,
					10.32955,
					7.0636
				]
			},
			"faces": {
				"north": {
					"uv": [
						3.66667,
						7.33333,
						3.33333,
						9.66667
					],
					"texture": "#7"
				},
				"east": {
					"uv": [
						3,
						7.33333,
						2.66667,
						9.66667
					],
					"texture": "#7"
				},
				"south": {
					"uv": [
						7.66667,
						0,
						7.33333,
						2.33333
					],
					"texture": "#7"
				},
				"west": {
					"uv": [
						7,
						6.66667,
						6.66667,
						9
					],
					"texture": "#7"
				},
				"up": {
					"uv": [
						13.66667,
						6.66667,
						13.33333,
						7
					],
					"rotation": 90,
					"texture": "#7"
				},
				"down": {
					"uv": [
						7.66667,
						13.66667,
						7.33333,
						13.33333
					],
					"rotation": 270,
					"texture": "#7"
				}
			}
		},
		{
			"from": [
				13.72652,
				11.81097,
				6.0861
			],
			"to": [
				14.33152,
				12.41597,
				6.9411
			],
			"rotation": {
				"angle": 22.5,
				"axis": "z",
				"origin": [
					14.02902,
					12.11347,
					6.6886
				]
			},
			"faces": {
				"north": {
					"uv": [
						8.33333,
						13.33333,
						8,
						13.66667
					],
					"texture": "#7"
				},
				"east": {
					"uv": [
						5.16667,
						13.33333,
						4.66667,
						13.66667
					],
					"texture": "#7"
				},
				"south": {
					"uv": [
						13.66667,
						7.33333,
						13.33333,
						7.66667
					],
					"texture": "#7"
				},
				"west": {
					"uv": [
						13.83333,
						4,
						13.33333,
						4.33333
					],
					"texture": "#7"
				},
				"up": {
					"uv": [
						13.83333,
						4.66667,
						13.33333,
						5
					],
					"rotation": 90,
					"texture": "#7"
				},
				"down": {
					"uv": [
						5.83333,
						13.66667,
						5.33333,
						13.33333
					],
					"rotation": 270,
					"texture": "#7"
				}
			}
		},
		{
			"from": [
				8.675,
				12.9875,
				6.2886
			],
			"to": [
				11.925,
				16.2375,
				6.3186
			],
			"rotation": {
				"angle": -22.5,
				"axis": "z",
				"origin": [
					5.8,
					4.0125,
					-0.5614
				]
			},
			"faces": {
				"north": {
					"uv": [
						13,
						0,
						0,
						13
					],
					"texture": "#1"
				},
				"south": {
					"uv": [
						0,
						0,
						13,
						13
					],
					"texture": "#1"
				}
			}
		},
		{
			"from": [
				4.075,
				12.9875,
				6.2886
			],
			"to": [
				7.325,
				16.2375,
				6.3186
			],
			"rotation": {
				"angle": 22.5,
				"axis": "z",
				"origin": [
					10.2,
					4.0125,
					-0.5614
				]
			},
			"faces": {
				"north": {
					"uv": [
						0,
						0,
						13,
						13
					],
					"texture": "#1"
				},
				"south": {
					"uv": [
						13,
						0,
						0,
						13
					],
					"texture": "#1"
				}
			}
		},
		{
			"from": [
				1.66848,
				11.81097,
				6.0861
			],
			"to": [
				2.27348,
				12.41597,
				6.9411
			],
			"rotation": {
				"angle": -22.5,
				"axis": "z",
				"origin": [
					1.97098,
					12.11347,
					6.6886
				]
			},
			"faces": {
				"north": {
					"uv": [
						8,
						13.33333,
						8.33333,
						13.66667
					],
					"texture": "#7"
				},
				"east": {
					"uv": [
						13.33333,
						4,
						13.83333,
						4.33333
					],
					"texture": "#7"
				},
				"south": {
					"uv": [
						13.33333,
						7.33333,
						13.66667,
						7.66667
					],
					"texture": "#7"
				},
				"west": {
					"uv": [
						4.66667,
						13.33333,
						5.16667,
						13.66667
					],
					"texture": "#7"
				},
				"up": {
					"uv": [
						13.83333,
						5,
						13.33333,
						4.66667
					],
					"rotation": 90,
					"texture": "#7"
				},
				"down": {
					"uv": [
						5.83333,
						13.33333,
						5.33333,
						13.66667
					],
					"rotation": 270,
					"texture": "#7"
				}
			}
		},
		{
			"from": [
				2.44417,
				8.68135,
				6.4386
			],
			"to": [
				2.94417,
				12.18135,
				6.9386
			],
			"rotation": {
				"angle": 22.5,
				"axis": "z",
				"origin": [
					2.57821,
					10.32955,
					7.0636
				]
			},
			"faces": {
				"north": {
					"uv": [
						3.33333,
						7.33333,
						3.66667,
						9.66667
					],
					"texture": "#7"
				},
				"east": {
					"uv": [
						6.66667,
						6.66667,
						7,
						9
					],
					"texture": "#7"
				},
				"south": {
					"uv": [
						7.33333,
						0,
						7.66667,
						2.33333
					],
					"texture": "#7"
				},
				"west": {
					"uv": [
						2.66667,
						7.33333,
						3,
						9.66667
					],
					"texture": "#7"
				},
				"up": {
					"uv": [
						13.66667,
						7,
						13.33333,
						6.66667
					],
					"rotation": 90,
					"texture": "#7"
				},
				"down": {
					"uv": [
						7.66667,
						13.33333,
						7.33333,
						13.66667
					],
					"rotation": 270,
					"texture": "#7"
				}
			}
		},
		{
			"from": [
				1.75,
				11.6625,
				7.1736
			],
			"to": [
				3.75,
				14.6625,
				7.2036
			],
			"rotation": {
				"angle": 0,
				"axis": "y",
				"origin": [
					3.75,
					11.6625,
					7.1736
				]
			},
			"faces": {
				"north": {
					"uv": [
						0,
						0,
						8,
						12
					],
					"texture": "#3"
				},
				"south": {
					"uv": [
						8,
						0,
						0,
						12
					],
					"texture": "#3"
				},
				"down": {
					"uv": [
						0,
						0,
						0,
						8
					],
					"rotation": 270,
					"texture": "#3"
				}
			}
		},
		{
			"from": [
				4.5,
				15.4125,
				6.1736
			],
			"to": [
				6.5,
				18.4125,
				6.2036
			],
			"rotation": {
				"angle": 0,
				"axis": "y",
				"origin": [
					4.5,
					15.4125,
					6.1736
				]
			},
			"faces": {
				"north": {
					"uv": [
						8,
						0,
						0,
						12
					],
					"texture": "#3"
				},
				"south": {
					"uv": [
						0,
						0,
						8,
						12
					],
					"texture": "#3"
				},
				"down": {
					"uv": [
						0,
						8,
						0,
						0
					],
					"rotation": 270,
					"texture": "#3"
				}
			}
		},
		{
			"from": [
				9.5,
				15.4125,
				6.1736
			],
			"to": [
				11.5,
				18.4125,
				6.2036
			],
			"rotation": {
				"angle": 0,
				"axis": "y",
				"origin": [
					11.5,
					15.4125,
					6.1736
				]
			},
			"faces": {
				"north": {
					"uv": [
						0,
						0,
						8,
						12
					],
					"texture": "#3"
				},
				"south": {
					"uv": [
						8,
						0,
						0,
						12
					],
					"texture": "#3"
				},
				"down": {
					"uv": [
						0,
						0,
						0,
						8
					],
					"rotation": 270,
					"texture": "#3"
				}
			}
		},
		{
			"from": [
				12.25,
				11.6625,
				7.1736
			],
			"to": [
				14.25,
				14.6625,
				7.2036
			],
			"rotation": {
				"angle": 0,
				"axis": "y",
				"origin": [
					12.25,
					11.6625,
					7.1736
				]
			},
			"faces": {
				"north": {
					"uv": [
						8,
						0,
						0,
						12
					],
					"texture": "#3"
				},
				"south": {
					"uv": [
						0,
						0,
						8,
						12
					],
					"texture": "#3"
				},
				"down": {
					"uv": [
						0,
						8,
						0,
						0
					],
					"rotation": 270,
					"texture": "#3"
				}
			}
		},
		{
			"from": [
				9.23242,
				5.11296,
				6.46159
			],
			"to": [
				9.73242,
				6.11296,
				6.96159
			],
			"rotation": {
				"angle": 45,
				"axis": "z",
				"origin": [
					9.64986,
					4.79695,
					6.69909
				]
			},
			"faces": {
				"north": {
					"uv": [
						3.33333,
						13.66667,
						2.66667,
						13.33333
					],
					"rotation": 270,
					"texture": "#7"
				},
				"east": {
					"uv": [
						1.33333,
						13.33333,
						2,
						13.66667
					],
					"rotation": 90,
					"texture": "#7"
				},
				"south": {
					"uv": [
						14,
						2.66667,
						13.33333,
						3
					],
					"rotation": 270,
					"texture": "#7"
				},
				"west": {
					"uv": [
						2,
						13.33333,
						2.66667,
						13.66667
					],
					"rotation": 270,
					"texture": "#7"
				},
				"up": {
					"uv": [
						12.66667,
						13.33333,
						13,
						13.66667
					],
					"texture": "#7"
				},
				"down": {
					"uv": [
						13.33333,
						12.66667,
						13.66667,
						13
					],
					"rotation": 180,
					"texture": "#7"
				}
			}
		},
		{
			"from": [
				9.37486,
				4.98354,
				6.46159
			],
			"to": [
				9.87486,
				5.98354,
				6.96159
			],
			"rotation": {
				"angle": -22.5,
				"axis": "z",
				"origin": [
					9.62486,
					4.67195,
					6.69909
				]
			},
			"faces": {
				"north": {
					"uv": [
						3.33333,
						13.66667,
						2.66667,
						13.33333
					],
					"rotation": 270,
					"texture": "#7"
				},
				"east": {
					"uv": [
						1.33333,
						13.33333,
						2,
						13.66667
					],
					"rotation": 90,
					"texture": "#7"
				},
				"south": {
					"uv": [
						14,
						2.66667,
						13.33333,
						3
					],
					"rotation": 270,
					"texture": "#7"
				},
				"west": {
					"uv": [
						2,
						13.33333,
						2.66667,
						13.66667
					],
					"rotation": 270,
					"texture": "#7"
				},
				"up": {
					"uv": [
						12.66667,
						13.33333,
						13,
						13.66667
					],
					"texture": "#7"
				},
				"down": {
					"uv": [
						13.33333,
						12.66667,
						13.66667,
						13
					],
					"rotation": 180,
					"texture": "#7"
				}
			}
		},
		{
			"from": [
				9.12486,
				4.0366,
				6.38659
			],
			"to": [
				10.12486,
				5.0366,
				6.98659
			],
			"rotation": {
				"angle": -22.5,
				"axis": "z",
				"origin": [
					9.62486,
					4.67195,
					6.69909
				]
			},
			"faces": {
				"north": {
					"uv": [
						4.66667,
						12.66667,
						4,
						12
					],
					"rotation": 270,
					"texture": "#7"
				},
				"east": {
					"uv": [
						12.66667,
						12,
						13.33333,
						12.33333
					],
					"rotation": 90,
					"texture": "#7"
				},
				"south": {
					"uv": [
						5.33333,
						12,
						4.66667,
						12.66667
					],
					"rotation": 270,
					"texture": "#7"
				},
				"west": {
					"uv": [
						0,
						13.33333,
						0.66667,
						13.66667
					],
					"rotation": 270,
					"texture": "#7"
				},
				"up": {
					"uv": [
						12.66667,
						12.66667,
						13.33333,
						13
					],
					"texture": "#7"
				},
				"down": {
					"uv": [
						0.66667,
						13.33333,
						1.33333,
						13.66667
					],
					"rotation": 180,
					"texture": "#7"
				}
			}
		},
		{
			"from": [
				10.01587,
				4.40451,
				6.46159
			],
			"to": [
				11.01587,
				4.90451,
				6.96159
			],
			"rotation": {
				"angle": 0,
				"axis": "y",
				"origin": [
					10.41587,
					4.65451,
					6.31159
				]
			},
			"faces": {
				"north": {
					"uv": [
						2.66667,
						13.66667,
						3.33333,
						13.33333
					],
					"texture": "#7"
				},
				"east": {
					"uv": [
						13,
						13.33333,
						12.66667,
						13.66667
					],
					"rotation": 90,
					"texture": "#7"
				},
				"south": {
					"uv": [
						13.33333,
						2.66667,
						14,
						3
					],
					"rotation": 180,
					"texture": "#7"
				},
				"west": {
					"uv": [
						13.66667,
						12.66667,
						13.33333,
						13
					],
					"rotation": 270,
					"texture": "#7"
				},
				"up": {
					"uv": [
						2,
						13.33333,
						1.33333,
						13.66667
					],
					"texture": "#7"
				},
				"down": {
					"uv": [
						2.66667,
						13.33333,
						2,
						13.66667
					],
					"rotation": 180,
					"texture": "#7"
				}
			}
		},
		{
			"from": [
				9.27294,
				3.12613,
				6.46159
			],
			"to": [
				9.77294,
				4.12613,
				6.96159
			],
			"rotation": {
				"angle": 22.5,
				"axis": "z",
				"origin": [
					9.62486,
					4.67195,
					6.69909
				]
			},
			"faces": {
				"north": {
					"uv": [
						2.66667,
						13.33333,
						3.33333,
						13.66667
					],
					"rotation": 270,
					"texture": "#7"
				},
				"east": {
					"uv": [
						2,
						13.33333,
						2.66667,
						13.66667
					],
					"rotation": 90,
					"texture": "#7"
				},
				"south": {
					"uv": [
						13.33333,
						3,
						14,
						2.66667
					],
					"rotation": 270,
					"texture": "#7"
				},
				"west": {
					"uv": [
						1.33333,
						13.33333,
						2,
						13.66667
					],
					"rotation": 270,
					"texture": "#7"
				},
				"up": {
					"uv": [
						13.33333,
						12.66667,
						13.66667,
						13
					],
					"texture": "#7"
				},
				"down": {
					"uv": [
						12.66667,
						13.33333,
						13,
						13.66667
					],
					"rotation": 180,
					"texture": "#7"
				}
			}
		},
		{
			"from": [
				8.691,
				3.67679,
				6.46159
			],
			"to": [
				9.191,
				4.67679,
				6.96159
			],
			"rotation": {
				"angle": -45,
				"axis": "z",
				"origin": [
					8.741,
					4.17679,
					6.71159
				]
			},
			"faces": {
				"north": {
					"uv": [
						3.33333,
						13.33333,
						2.66667,
						13.66667
					],
					"rotation": 90,
					"texture": "#7"
				},
				"east": {
					"uv": [
						2,
						13.33333,
						1.33333,
						13.66667
					],
					"rotation": 90,
					"texture": "#7"
				},
				"south": {
					"uv": [
						14,
						3,
						13.33333,
						2.66667
					],
					"rotation": 90,
					"texture": "#7"
				},
				"west": {
					"uv": [
						2.66667,
						13.33333,
						2,
						13.66667
					],
					"rotation": 270,
					"texture": "#7"
				},
				"up": {
					"uv": [
						13.66667,
						12.66667,
						13.33333,
						13
					],
					"texture": "#7"
				},
				"down": {
					"uv": [
						13,
						13.33333,
						12.66667,
						13.66667
					],
					"rotation": 180,
					"texture": "#7"
				}
			}
		},
		{
			"from": [
				7.5,
				4.6625,
				9.9886
			],
			"to": [
				8.5,
				10.1625,
				10.9886
			],
			"rotation": {
				"angle": 0,
				"axis": "y",
				"origin": [
					8.5,
					3.4125,
					9.9886
				]
			},
			"faces": {
				"north": {
					"uv": [
						2,
						1.66667,
						2.66667,
						6.16667
					],
					"texture": "#7"
				},
				"east": {
					"uv": [
						2.66667,
						1.66667,
						2,
						6.16667
					],
					"texture": "#7"
				},
				"south": {
					"uv": [
						2.66667,
						1.66667,
						2,
						6.16667
					],
					"texture": "#7"
				},
				"west": {
					"uv": [
						2.66667,
						1.66667,
						2,
						6.16667
					],
					"texture": "#7"
				}
			}
		},
		{
			"from": [
				7.41421,
				12.1625,
				6.6886
			],
			"to": [
				9.41421,
				14.1625,
				7.6886
			],
			"rotation": {
				"angle": 45,
				"axis": "z",
				"origin": [
					9.41421,
					12.1625,
					6.6886
				]
			},
			"faces": {
				"north": {
					"uv": [
						4,
						0,
						5.33333,
						1.33333
					],
					"texture": "#7"
				},
				"east": {
					"uv": [
						6,
						4,
						6.66667,
						5.33333
					],
					"texture": "#7"
				},
				"south": {
					"uv": [
						2.66667,
						2.66667,
						4,
						4
					],
					"texture": "#7"
				},
				"west": {
					"uv": [
						6,
						5.33333,
						6.66667,
						6.66667
					],
					"texture": "#7"
				},
				"up": {
					"uv": [
						7.33333,
						1.33333,
						6.66667,
						0
					],
					"rotation": 90,
					"texture": "#7"
				},
				"down": {
					"uv": [
						7.33333,
						1.33333,
						6.66667,
						2.66667
					],
					"rotation": 270,
					"texture": "#7"
				}
			}
		},
		{
			"from": [
				7,
				-1.9125,
				6.6886
			],
			"to": [
				9,
				0.0875,
				7.6886
			],
			"rotation": {
				"angle": -45,
				"axis": "z",
				"origin": [
					8,
					-0.9125,
					7.1886
				]
			},
			"faces": {
				"north": {
					"uv": [
						4,
						0,
						5.33333,
						1.33333
					],
					"rotation": 270,
					"texture": "#7"
				},
				"east": {
					"uv": [
						7.33333,
						1.33333,
						6.66667,
						0
					],
					"rotation": 180,
					"texture": "#7"
				},
				"south": {
					"uv": [
						2.66667,
						2.66667,
						4,
						4
					],
					"rotation": 90,
					"texture": "#7"
				},
				"west": {
					"uv": [
						7.33333,
						1.33333,
						6.66667,
						2.66667
					],
					"texture": "#7"
				},
				"up": {
					"uv": [
						6,
						5.33333,
						6.66667,
						6.66667
					],
					"rotation": 90,
					"texture": "#7"
				},
				"down": {
					"uv": [
						6,
						4,
						6.66667,
						5.33333
					],
					"rotation": 90,
					"texture": "#7"
				}
			}
		},
		{
			"from": [
				13.625,
				9.02575,
				7.2486
			],
			"to": [
				14.875,
				10.27575,
				7.2786
			],
			"rotation": {
				"angle": 22.5,
				"axis": "z",
				"origin": [
					14.25,
					9.65075,
					7.2636
				]
			},
			"faces": {
				"north": {
					"uv": [
						6.16667,
						10.66667,
						5.33333,
						11.5
					],
					"rotation": 270,
					"texture": "#7"
				},
				"south": {
					"uv": [
						5.33333,
						10.66667,
						6.16667,
						11.5
					],
					"rotation": 90,
					"texture": "#7"
				}
			}
		},
		{
			"from": [
				13.375,
				8.52575,
				7.0986
			],
			"to": [
				14.625,
				9.77575,
				7.1286
			],
			"rotation": {
				"angle": 0,
				"axis": "x",
				"origin": [
					14,
					9.15075,
					7.1136
				]
			},
			"faces": {
				"north": {
					"uv": [
						6.16667,
						10.66667,
						5.33333,
						11.5
					],
					"rotation": 270,
					"texture": "#7"
				},
				"south": {
					"uv": [
						5.33333,
						10.66667,
						6.16667,
						11.5
					],
					"rotation": 90,
					"texture": "#7"
				}
			}
		},
		{
			"from": [
				1.375,
				8.52575,
				7.0986
			],
			"to": [
				2.625,
				9.77575,
				7.1286
			],
			"rotation": {
				"angle": 0,
				"axis": "x",
				"origin": [
					2,
					9.15075,
					7.1136
				]
			},
			"faces": {
				"north": {
					"uv": [
						6.16667,
						11.5,
						5.33333,
						10.66667
					],
					"rotation": 270,
					"texture": "#7"
				},
				"south": {
					"uv": [
						5.33333,
						11.5,
						6.16667,
						10.66667
					],
					"rotation": 90,
					"texture": "#7"
				}
			}
		},
		{
			"from": [
				1.125,
				9.02575,
				7.2486
			],
			"to": [
				2.375,
				10.27575,
				7.2786
			],
			"rotation": {
				"angle": -22.5,
				"axis": "z",
				"origin": [
					1.75,
					9.65075,
					7.2636
				]
			},
			"faces": {
				"north": {
					"uv": [
						6.16667,
						11.5,
						5.33333,
						10.66667
					],
					"rotation": 270,
					"texture": "#7"
				},
				"south": {
					"uv": [
						5.33333,
						11.5,
						6.16667,
						10.66667
					],
					"rotation": 90,
					"texture": "#7"
				}
			}
		},
		{
			"from": [
				4.45588,
				6.37663,
				5.6364
			],
			"to": [
				6.45588,
				8.37663,
				6.6364
			],
			"rotation": {
				"angle": 45,
				"axis": "z",
				"origin": [
					6.01838,
					7.37663,
					6.15308
				]
			},
			"faces": {
				"north": {
					"uv": [
						5.33333,
						2.66667,
						4,
						1.33333
					],
					"rotation": 270,
					"texture": "#7"
				},
				"east": {
					"uv": [
						2.66667,
						6.66667,
						4,
						7.33333
					],
					"rotation": 90,
					"texture": "#7"
				},
				"south": {
					"uv": [
						4,
						4,
						2.66667,
						5.33333
					],
					"rotation": 270,
					"texture": "#7"
				},
				"west": {
					"uv": [
						6.66667,
						3.33333,
						8,
						4
					],
					"rotation": 270,
					"texture": "#7"
				},
				"up": {
					"uv": [
						6.66667,
						2.66667,
						8,
						3.33333
					],
					"texture": "#7"
				},
				"down": {
					"uv": [
						4,
						6.66667,
						5.33333,
						7.33333
					],
					"rotation": 180,
					"texture": "#7"
				}
			}
		},
		{
			"from": [
				4.45588,
				8.2245,
				6.3126
			],
			"to": [
				6.45588,
				8.2545,
				7.0626
			],
			"rotation": {
				"angle": 45,
				"axis": "z",
				"origin": [
					6.01838,
					7.37663,
					6.15308
				]
			},
			"faces": {
				"up": {
					"uv": [
						6.66667,
						10.66667,
						8,
						11.16667
					],
					"texture": "#7"
				},
				"down": {
					"uv": [
						8,
						10.66667,
						9.33333,
						11.16667
					],
					"rotation": 180,
					"texture": "#7"
				}
			}
		},
		{
			"from": [
				4.45588,
				6.49876,
				6.3126
			],
			"to": [
				6.45588,
				6.52876,
				7.0626
			],
			"rotation": {
				"angle": 45,
				"axis": "z",
				"origin": [
					6.01838,
					7.37663,
					6.15308
				]
			},
			"faces": {
				"up": {
					"uv": [
						9.33333,
						10.66667,
						10.66667,
						11.16667
					],
					"texture": "#7"
				},
				"down": {
					"uv": [
						10.66667,
						9.33333,
						12,
						9.83333
					],
					"rotation": 180,
					"texture": "#7"
				}
			}
		},
		{
			"from": [
				6.42588,
				6.37663,
				5.3864
			],
			"to": [
				6.45588,
				8.37663,
				5.6364
			],
			"rotation": {
				"angle": 45,
				"axis": "z",
				"origin": [
					6.01838,
					7.37663,
					6.15308
				]
			},
			"faces": {
				"east": {
					"uv": [
						3.33333,
						13.33333,
						4.66667,
						13.5
					],
					"rotation": 90,
					"texture": "#7"
				},
				"west": {
					"uv": [
						13.33333,
						3.33333,
						14.66667,
						3.5
					],
					"rotation": 270,
					"texture": "#7"
				}
			}
		},
		{
			"from": [
				6.20588,
				8.37663,
				5.7364
			],
			"to": [
				6.95588,
				9.12663,
				6.4864
			],
			"rotation": {
				"angle": 45,
				"axis": "z",
				"origin": [
					6.01838,
					7.37663,
					6.15308
				]
			},
			"faces": {
				"north": {
					"uv": [
						13.16667,
						7.83333,
						12.66667,
						7.33333
					],
					"rotation": 270,
					"texture": "#7"
				},
				"east": {
					"uv": [
						12.66667,
						6,
						13.16667,
						6.5
					],
					"rotation": 90,
					"texture": "#7"
				},
				"south": {
					"uv": [
						8.5,
						12.66667,
						8,
						13.16667
					],
					"rotation": 270,
					"texture": "#7"
				},
				"west": {
					"uv": [
						12.66667,
						6.66667,
						13.16667,
						7.16667
					],
					"rotation": 270,
					"texture": "#7"
				},
				"up": {
					"uv": [
						6.66667,
						12.66667,
						7.16667,
						13.16667
					],
					"texture": "#7"
				},
				"down": {
					"uv": [
						7.33333,
						12.66667,
						7.83333,
						13.16667
					],
					"rotation": 180,
					"texture": "#7"
				}
			}
		},
		{
			"from": [
				6.20588,
				5.62663,
				5.7364
			],
			"to": [
				6.95588,
				6.37663,
				6.4864
			],
			"rotation": {
				"angle": 45,
				"axis": "z",
				"origin": [
					6.01838,
					7.37663,
					6.15308
				]
			},
			"faces": {
				"north": {
					"uv": [
						12.66667,
						7.83333,
						13.16667,
						7.33333
					],
					"rotation": 270,
					"texture": "#7"
				},
				"east": {
					"uv": [
						13.16667,
						6,
						12.66667,
						6.5
					],
					"rotation": 90,
					"texture": "#7"
				},
				"south": {
					"uv": [
						8,
						12.66667,
						8.5,
						13.16667
					],
					"rotation": 270,
					"texture": "#7"
				},
				"west": {
					"uv": [
						13.16667,
						6.66667,
						12.66667,
						7.16667
					],
					"rotation": 270,
					"texture": "#7"
				},
				"up": {
					"uv": [
						7.33333,
						13.16667,
						7.83333,
						12.66667
					],
					"rotation": 180,
					"texture": "#7"
				},
				"down": {
					"uv": [
						6.66667,
						13.16667,
						7.16667,
						12.66667
					],
					"texture": "#7"
				}
			}
		},
		{
			"from": [
				7,
				-1.27137,
				6.9386
			],
			"to": [
				9,
				11.77863,
				7.4386
			],
			"rotation": {
				"angle": 0,
				"axis": "y",
				"origin": [
					9,
					0.72863,
					5.4386
				]
			},
			"faces": {
				"north": {
					"uv": [
						1.33333,
						0,
						2.66667,
						8.66667
					],
					"texture": "#4"
				},
				"east": {
					"uv": [
						3,
						0,
						3.33333,
						8.66667
					],
					"texture": "#4"
				},
				"south": {
					"uv": [
						0,
						0,
						1.33333,
						8.66667
					],
					"texture": "#4"
				},
				"west": {
					"uv": [
						3.66667,
						0,
						4,
						8.66667
					],
					"texture": "#4"
				},
				"up": {
					"uv": [
						8,
						1.33333,
						7.66667,
						0
					],
					"rotation": 90,
					"texture": "#4"
				},
				"down": {
					"uv": [
						8,
						1.66667,
						7.66667,
						3
					],
					"rotation": 270,
					"texture": "#4"
				}
			}
		},
		{
			"from": [
				4.461,
				7.03522,
				6.9421
			],
			"to": [
				9.486,
				12.03522,
				7.4351
			],
			"rotation": {
				"angle": -22.5,
				"axis": "z",
				"origin": [
					8.486,
					0.03522,
					5.4421
				]
			},
			"faces": {
				"north": {
					"uv": [
						9.33333,
						0,
						12.66667,
						3.33333
					],
					"texture": "#4"
				},
				"east": {
					"uv": [
						4.33333,
						0,
						4.66667,
						3.33333
					],
					"texture": "#4"
				},
				"south": {
					"uv": [
						12.66667,
						0,
						16,
						3.33333
					],
					"texture": "#4"
				},
				"up": {
					"uv": [
						5.33333,
						3.33333,
						5,
						0
					],
					"rotation": 90,
					"texture": "#4"
				}
			}
		},
		{
			"from": [
				5.961,
				3.03522,
				6.9421
			],
			"to": [
				9.486,
				7.03522,
				7.4351
			],
			"rotation": {
				"angle": -22.5,
				"axis": "z",
				"origin": [
					8.486,
					0.03522,
					5.4421
				]
			},
			"faces": {
				"north": {
					"uv": [
						9.33333,
						3.33333,
						11.66667,
						6
					],
					"texture": "#4"
				},
				"east": {
					"uv": [
						5.66667,
						0,
						6,
						2.66667
					],
					"texture": "#4"
				},
				"south": {
					"uv": [
						13.66667,
						3.33333,
						16,
						6
					],
					"texture": "#4"
				},
				"up": {
					"uv": [
						7.33333,
						2.33333,
						7,
						0
					],
					"rotation": 90,
					"texture": "#4"
				}
			}
		},
		{
			"from": [
				7.461,
				-0.96478,
				6.9421
			],
			"to": [
				9.486,
				3.03522,
				7.4351
			],
			"rotation": {
				"angle": -22.5,
				"axis": "z",
				"origin": [
					8.486,
					0.03522,
					5.4421
				]
			},
			"faces": {
				"north": {
					"uv": [
						9.33333,
						6,
						10.66667,
						8.66667
					],
					"texture": "#4"
				},
				"east": {
					"uv": [
						6.33333,
						0,
						6.66667,
						2.66667
					],
					"texture": "#4"
				},
				"south": {
					"uv": [
						14.66667,
						6,
						16,
						8.66667
					],
					"texture": "#4"
				},
				"up": {
					"uv": [
						9,
						1.33333,
						8.66667,
						0
					],
					"rotation": 90,
					"texture": "#4"
				}
			}
		},
		{
			"from": [
				6.514,
				7.03522,
				6.9421
			],
			"to": [
				11.539,
				12.03522,
				7.4351
			],
			"rotation": {
				"angle": 22.5,
				"axis": "z",
				"origin": [
					7.514,
					0.03522,
					5.4421
				]
			},
			"faces": {
				"north": {
					"uv": [
						12.66667,
						0,
						9.33333,
						3.33333
					],
					"texture": "#4"
				},
				"south": {
					"uv": [
						16,
						0,
						12.66667,
						3.33333
					],
					"texture": "#4"
				},
				"west": {
					"uv": [
						4.66667,
						0,
						4.33333,
						3.33333
					],
					"texture": "#4"
				},
				"up": {
					"uv": [
						5.33333,
						0,
						5,
						3.33333
					],
					"rotation": 90,
					"texture": "#4"
				}
			}
		},
		{
			"from": [
				6.514,
				3.03522,
				6.9421
			],
			"to": [
				10.039,
				7.03522,
				7.4351
			],
			"rotation": {
				"angle": 22.5,
				"axis": "z",
				"origin": [
					7.514,
					0.03522,
					5.4421
				]
			},
			"faces": {
				"north": {
					"uv": [
						11.66667,
						3.33333,
						9.33333,
						6
					],
					"texture": "#4"
				},
				"south": {
					"uv": [
						16,
						3.33333,
						13.66667,
						6
					],
					"texture": "#4"
				},
				"west": {
					"uv": [
						6,
						0,
						5.66667,
						2.66667
					],
					"texture": "#4"
				},
				"up": {
					"uv": [
						7.33333,
						0,
						7,
						2.33333
					],
					"rotation": 90,
					"texture": "#4"
				}
			}
		},
		{
			"from": [
				6.514,
				-0.96478,
				6.9421
			],
			"to": [
				8.539,
				3.03522,
				7.4351
			],
			"rotation": {
				"angle": 22.5,
				"axis": "z",
				"origin": [
					7.514,
					0.03522,
					5.4421
				]
			},
			"faces": {
				"north": {
					"uv": [
						10.66667,
						6,
						9.33333,
						8.66667
					],
					"texture": "#4"
				},
				"south": {
					"uv": [
						16,
						6,
						14.66667,
						8.66667
					],
					"texture": "#4"
				},
				"west": {
					"uv": [
						6.66667,
						0,
						6.33333,
						2.66667
					],
					"texture": "#4"
				},
				"up": {
					"uv": [
						9,
						0,
						8.66667,
						1.33333
					],
					"rotation": 90,
					"texture": "#4"
				}
			}
		}
	],
	"gui_light": "front",
	"display": {
		"thirdperson_righthand": {
			"rotation": [
				35,
				-45,
				0
			],
			"translation": [
				1.75,
				-0.25,
				-1.25
			]
		},
		"thirdperson_lefthand": {
			"rotation": [
				35,
				-45,
				0
			],
			"translation": [
				1.75,
				-0.25,
				-1.25
			]
		},
		"firstperson_righthand": {
			"rotation": [
				0,
				0,
				15
			],
			"translation": [
				-7.5,
				2.25,
				3
			]
		},
		"firstperson_lefthand": {
			"rotation": [
				0,
				0,
				15
			],
			"translation": [
				-7.5,
				2.25,
				3
			]
		},
		"ground": {
			"rotation": [
				45,
				0,
				0
			],
			"translation": [
				0,
				9.75,
				0
			]
		},
		"gui": {
			"rotation": [
				0,
				180,
				-45
			],
			"translation": [
				0.5,
				-0.5,
				0
			],
			"scale": [
				0.98047,
				0.98047,
				0.98047
			]
		},
		"head": {
			"scale": [
				1.5,
				1.5,
				1.5
			]
		},
		"fixed": {
			"translation": [
				0,
				1.5,
				-2.5
			],
			"scale": [
				2.5,
				2.5,
				2.5
			]
		}
	},
	"groups": [
		0,
		1,
		2,
		3,
		4,
		5,
		6,
		7,
		8,
		9,
		10,
		11,
		12,
		13,
		14,
		15,
		16,
		17,
		18,
		19,
		20,
		21,
		22,
		23,
		24,
		25,
		26,
		27,
		28,
		29,
		30,
		31,
		32,
		33,
		34,
		35,
		36,
		37,
		38,
		39,
		40,
		41,
		42,
		43,
		44,
		45,
		46,
		47,
		48,
		49,
		50,
		51,
		52,
		53,
		54,
		55,
		{
			"name": "group",
			"origin": [
				7.52299,
				7.01429,
				7.259
			],
			"color": 0,
			"boneType": "",
			"children": [
				56,
				57,
				58,
				59,
				60,
				61
			]
		},
		62,
		63,
		64,
		65,
		66,
		67,
		68,
		{
			"name": "group",
			"origin": [
				6.96447,
				10.21413,
				9.98162
			],
			"color": 0,
			"boneType": "",
			"children": [
				69,
				70,
				71,
				72,
				73,
				74
			]
		},
		75,
		76,
		77,
		78,
		79,
		80,
		81
	]
}