{
    "parent": "item/generated",
    "textures": {
        "layer0": "item/leather_chestplate",
        "layer1": "item/leather_chestplate_overlay"
    },
    "overrides": [
        {
            "predicate": {
                "custom_model_data": 10004
            },
            "model": "fatalmc:item/summer/ia_auto_gen/summerchestplate"
        },
        {
            "predicate": {
                "custom_model_data": 10005
            },
            "model": "fatalmc:item/summer_v2/summertime_chestplate"
        }
    ]
}