{
    "parent": "minecraft:item/handheld",
    "textures": {
        "layer0": "minecraft:item/netherite_sword"
    },
    "overrides": [
        {
            "predicate": {
                "custom_model_data": 10015
            },
            "model": "fatalmc:item/summer/greatsword"
        },
        {
            "predicate": {
                "custom_model_data": 10016
            },
            "model": "fatalmc:item/summer/hammer"
        },
        {
            "predicate": {
                "custom_model_data": 10017
            },
            "model": "fatalmc:item/summer/scythe"
        },
        {
            "predicate": {
                "custom_model_data": 10018
            },
            "model": "fatalmc:item/summer/spear"
        },
        {
            "predicate": {
                "custom_model_data": 10019
            },
            "model": "fatalmc:item/summer/staff"
        },
        {
            "predicate": {
                "custom_model_data": 10020
            },
            "model": "fatalmc:item/summer/sword"
        },
        {
            "predicate": {
                "custom_model_data": 10021
            },
            "model": "fatalmc:item/summer/trident"
        },
        {
            "predicate": {
                "custom_model_data": 10005
            },
            "model": "fatalmc:item/summer_v2/umbrella_sword"
        }
    ]
}